customer_id,customer_name,city,region,segment
C001,Customer_1,Delhi,North,Home Office
C002,Customer_2,Bhubaneswar,East,Consumer
C003,Customer_3,Chennai,South,Home Office
C004,Customer_4,Chandigarh,North,Consumer
C005,Customer_5,Delhi,North,Consumer
C006,Customer_6,Chennai,South,Home Office
C007,Customer_7,Kochi,South,Consumer
C008,Customer_8,Ahmedabad,West,Consumer
C009,Customer_9,Kochi,South,Corporate
C010,Customer_10,Bhubaneswar,East,Consumer
C011,Customer_11,Kolkata,East,Consumer
C012,Customer_12,Mumbai,West,Corporate
C013,Customer_13,Patna,East,Consumer
C014,Customer_14,Mumbai,West,Corporate
C015,Customer_15,Jaipur,North,Home Office
C016,Customer_16,Bhubaneswar,East,Home Office
C017,Customer_17,Delhi,North,Home Office
C018,Customer_18,Hyderabad,South,Consumer
C019,Customer_19,Chennai,South,Corporate
C020,Customer_20,Guwahati,East,Home Office
C021,Customer_21,Bhubaneswar,East,Corporate
C022,Customer_22,Bhubaneswar,East,Home Office
C023,Customer_23,Kolkata,East,Home Office
C024,Customer_24,Bangalore,South,Consumer
C025,Customer_25,Surat,West,Corporate
C026,Customer_26,Hyderabad,South,Consumer
C027,Customer_27,Chennai,South,Corporate
C028,Customer_28,Ahmedabad,West,Consumer
C029,Customer_29,Hyderabad,South,Consumer
C030,Customer_30,Surat,West,Home Office
C031,Customer_31,Pune,West,Corporate
C032,Customer_32,Bangalore,South,Home Office
C033,Customer_33,Guwahati,East,Home Office
C034,Customer_34,Ahmedabad,West,Consumer
C035,Customer_35,Kochi,South,Consumer
C036,Customer_36,Delhi,North,Consumer
C037,Customer_37,Kochi,South,Home Office
C038,Customer_38,Chandigarh,North,Corporate
C039,Customer_39,Ahmedabad,West,Home Office
C040,Customer_40,Delhi,North,Home Office
C041,Customer_41,Patna,East,Consumer
C042,Customer_42,Guwahati,East,Consumer
C043,Customer_43,Mumbai,West,Home Office
C044,Customer_44,Bhubaneswar,East,Home Office
C045,Customer_45,Jaipur,North,Home Office
C046,Customer_46,Bangalore,South,Corporate
C047,Customer_47,Chennai,South,Home Office
C048,Customer_48,Guwahati,East,Consumer
C049,Customer_49,Jaipur,North,Corporate
C050,Customer_50,Chennai,South,Consumer
C051,Customer_51,Delhi,North,Home Office
C052,Customer_52,Mumbai,West,Home Office
C053,Customer_53,Bangalore,South,Home Office
C054,Customer_54,Pune,West,Corporate
C055,Customer_55,Pune,West,Home Office
C056,Customer_56,Hyderabad,South,Corporate
C057,Customer_57,Guwahati,East,Home Office
C058,Customer_58,Mumbai,West,Consumer
C059,Customer_59,Chennai,South,Corporate
C060,Customer_60,Lucknow,North,Home Office
C061,Customer_61,Chennai,South,Consumer
C062,Customer_62,Lucknow,North,Consumer
C063,Customer_63,Jaipur,North,Consumer
C064,Customer_64,Hyderabad,South,Home Office
C065,Customer_65,Pune,West,Home Office
C066,Customer_66,Kochi,South,Consumer
C067,Customer_67,Surat,West,Consumer
C068,Customer_68,Delhi,North,Home Office
C069,Customer_69,Ahmedabad,West,Corporate
C070,Customer_70,Surat,West,Home Office
C071,Customer_71,Delhi,North,Consumer
C072,Customer_72,Ahmedabad,West,Consumer
C073,Customer_73,Bangalore,South,Consumer
C074,Customer_74,Pune,West,Corporate
C075,Customer_75,Hyderabad,South,Corporate
C076,Customer_76,Chennai,South,Corporate
C077,Customer_77,Delhi,North,Home Office
C078,Customer_78,Delhi,North,Consumer
C079,Customer_79,Kochi,South,Corporate
C080,Customer_80,Pune,West,Corporate
C081,Customer_81,Lucknow,North,Corporate
C082,Customer_82,Chandigarh,North,Corporate
C083,Customer_83,Ahmedabad,West,Corporate
C084,Customer_84,Pune,West,Consumer
C085,Customer_85,Bhubaneswar,East,Consumer
C086,Customer_86,Jaipur,North,Consumer
C087,Customer_87,Chandigarh,North,Home Office
C088,Customer_88,Chennai,South,Home Office
C089,Customer_89,Lucknow,North,Consumer
C090,Customer_90,Lucknow,North,Corporate
C091,Customer_91,Lucknow,North,Home Office
C092,Customer_92,Delhi,North,Corporate
C093,Customer_93,Patna,East,Consumer
C094,Customer_94,Bhubaneswar,East,Corporate
C095,Customer_95,Pune,West,Home Office
C096,Customer_96,Guwahati,East,Corporate
C097,Customer_97,Delhi,North,Corporate
C098,Customer_98,Delhi,North,Home Office
C099,Customer_99,Hyderabad,South,Consumer
C100,Customer_100,Kolkata,East,Consumer
C101,Customer_101,Patna,East,Consumer
C102,Customer_102,Ahmedabad,West,Home Office
C103,Customer_103,Jaipur,North,Home Office
C104,Customer_104,Lucknow,North,Corporate
C105,Customer_105,Delhi,North,Home Office
C106,Customer_106,Hyderabad,South,Corporate
C107,Customer_107,Hyderabad,South,Consumer
C108,Customer_108,Guwahati,East,Corporate
C109,Customer_109,Delhi,North,Home Office
C110,Customer_110,Ahmedabad,West,Consumer
C111,Customer_111,Jaipur,North,Consumer
C112,Customer_112,Bhubaneswar,East,Home Office
C113,Customer_113,Surat,West,Home Office
C114,Customer_114,Delhi,North,Consumer
C115,Customer_115,Chennai,South,Corporate
C116,Customer_116,Kochi,South,Consumer
C117,Customer_117,Jaipur,North,Corporate
C118,Customer_118,Jaipur,North,Consumer
C119,Customer_119,Chennai,South,Corporate
C120,Customer_120,Pune,West,Consumer
C121,Customer_121,Bangalore,South,Corporate
C122,Customer_122,Lucknow,North,Home Office
C123,Customer_123,Guwahati,East,Home Office
C124,Customer_124,Hyderabad,South,Consumer
C125,Customer_125,Chandigarh,North,Consumer
C126,Customer_126,Pune,West,Consumer
C127,Customer_127,Ahmedabad,West,Corporate
C128,Customer_128,Bangalore,South,Consumer
C129,Customer_129,Kochi,South,Corporate
C130,Customer_130,Kolkata,East,Corporate
C131,Customer_131,Guwahati,East,Home Office
C132,Customer_132,Kolkata,East,Consumer
C133,Customer_133,Bhubaneswar,East,Home Office
C134,Customer_134,Kolkata,East,Consumer
C135,Customer_135,Ahmedabad,West,Home Office
C136,Customer_136,Guwahati,East,Home Office
C137,Customer_137,Chandigarh,North,Home Office
C138,Customer_138,Hyderabad,South,Consumer
C139,Customer_139,Mumbai,West,Home Office
C140,Customer_140,Hyderabad,South,Corporate
C141,Customer_141,Jaipur,North,Home Office
C142,Customer_142,Kolkata,East,Home Office
C143,Customer_143,Patna,East,Home Office
C144,Customer_144,Ahmedabad,West,Corporate
C145,Customer_145,Bhubaneswar,East,Consumer
C146,Customer_146,Surat,West,Home Office
C147,Customer_147,Hyderabad,South,Corporate
C148,Customer_148,Jaipur,North,Corporate
C149,Customer_149,Kochi,South,Home Office
C150,Customer_150,Guwahati,East,Corporate
C151,Customer_151,Pune,West,Home Office
C152,Customer_152,Pune,West,Home Office
C153,Customer_153,Jaipur,North,Home Office
C154,Customer_154,Kolkata,East,Consumer
C155,Customer_155,Bhubaneswar,East,Consumer
C156,Customer_156,Chennai,South,Consumer
C157,Customer_157,Kochi,South,Home Office
C158,Customer_158,Chandigarh,North,Corporate
C159,Customer_159,Kochi,South,Corporate
C160,Customer_160,Pune,West,Consumer
C161,Customer_161,Delhi,North,Corporate
C162,Customer_162,Bangalore,South,Home Office
C163,Customer_163,Mumbai,West,Home Office
C164,Customer_164,Chennai,South,Corporate
C165,Customer_165,Kochi,South,Home Office
C166,Customer_166,Guwahati,East,Home Office
C167,Customer_167,Surat,West,Consumer
C168,Customer_168,Surat,West,Corporate
C169,Customer_169,Hyderabad,South,Home Office
C170,Customer_170,Pune,West,Corporate
C171,Customer_171,Mumbai,West,Home Office
C172,Customer_172,Bhubaneswar,East,Corporate
C173,Customer_173,Patna,East,Home Office
C174,Customer_174,Lucknow,North,Consumer
C175,Customer_175,Kochi,South,Home Office
C176,Customer_176,Bangalore,South,Consumer
C177,Customer_177,Surat,West,Corporate
C178,Customer_178,Surat,West,Consumer
C179,Customer_179,Kochi,South,Corporate
C180,Customer_180,Chandigarh,North,Corporate
C181,Customer_181,Jaipur,North,Corporate
C182,Customer_182,Surat,West,Home Office
C183,Customer_183,Kochi,South,Consumer
C184,Customer_184,Guwahati,East,Corporate
C185,Customer_185,Chandigarh,North,Corporate
C186,Customer_186,Pune,West,Corporate
C187,Customer_187,Chennai,South,Corporate
C188,Customer_188,Delhi,North,Home Office
C189,Customer_189,Pune,West,Corporate
C190,Customer_190,Chennai,South,Corporate
C191,Customer_191,Ahmedabad,West,Consumer
C192,Customer_192,Ahmedabad,West,Corporate
C193,Customer_193,Ahmedabad,West,Corporate
C194,Customer_194,Kolkata,East,Corporate
C195,Customer_195,Delhi,North,Corporate
C196,Customer_196,Chennai,South,Home Office
C197,Customer_197,Delhi,North,Consumer
C198,Customer_198,Chennai,South,Home Office
C199,Customer_199,Bangalore,South,Consumer
C200,Customer_200,Mumbai,West,Home Office
