order_id,order_date,ship_date,customer_id,product_id,region,quantity,discount_pct,sales_amount,profit,payment_mode
ORD0001,2023-08-12,2023-08-16,C096,P001,East,5,15,233750.0,58750.0,Card
ORD0002,2024-09-12,2024-09-17,C077,P006,North,2,0,700.0,400.0,COD
ORD0003,2023-04-21,2023-04-26,C051,P007,North,1,10,18000.0,6000.0,NetBanking
ORD0004,2024-02-11,2024-02-17,C067,P002,West,4,0,100000.0,40000.0,Card
ORD0005,2023-04-15,2023-04-21,C027,P010,South,5,0,75000.0,35000.0,UPI
ORD0006,2023-12-22,2023-12-27,C121,P006,South,7,15,2082.5,1032.5,UPI
ORD0007,2024-06-02,2024-06-08,C038,P008,North,6,0,18000.0,9000.0,NetBanking
ORD0008,2024-05-16,2024-05-17,C008,P006,West,7,15,2082.5,1032.5,NetBanking
ORD0009,2024-12-25,2024-12-27,C184,P010,East,7,0,105000.0,49000.0,COD
ORD0010,2024-09-22,2024-09-29,C058,P007,West,9,25,135000.0,27000.0,NetBanking
ORD0011,2024-03-22,2024-03-29,C109,P005,North,10,10,2250.0,1250.0,COD
ORD0012,2023-09-09,2023-09-16,C046,P002,South,2,10,45000.0,15000.0,NetBanking
ORD0013,2023-09-07,2023-09-14,C163,P009,West,8,20,38400.0,14400.0,COD
ORD0014,2023-01-30,2023-02-03,C079,P005,South,6,0,1500.0,900.0,NetBanking
ORD0015,2023-08-06,2023-08-09,C010,P009,East,5,15,25500.0,10500.0,COD
ORD0016,2024-09-02,2024-09-08,C075,P004,South,5,30,42000.0,12000.0,UPI
ORD0017,2024-06-13,2024-06-15,C097,P006,North,2,5,665.0,365.0,NetBanking
ORD0018,2024-05-15,2024-05-20,C121,P002,South,4,25,75000.0,15000.0,NetBanking
ORD0019,2024-04-03,2024-04-10,C146,P009,West,1,0,6000.0,3000.0,COD
ORD0020,2023-08-15,2023-08-19,C005,P004,North,4,10,43200.0,19200.0,COD
ORD0021,2024-04-29,2024-05-04,C136,P007,East,9,15,153000.0,45000.0,NetBanking
ORD0022,2024-07-17,2024-07-20,C151,P003,West,6,25,36000.0,12000.0,COD
ORD0023,2023-11-10,2023-11-13,C114,P010,North,4,0,60000.0,28000.0,Card
ORD0024,2023-11-20,2023-11-21,C147,P007,South,9,0,180000.0,72000.0,Card
ORD0025,2023-08-10,2023-08-16,C188,P010,North,8,10,108000.0,44000.0,COD
ORD0026,2023-04-13,2023-04-20,C082,P006,North,4,10,1260.0,660.0,Card
ORD0027,2024-01-05,2024-01-07,C051,P006,North,5,0,1750.0,1000.0,Card
ORD0028,2023-10-08,2023-10-09,C178,P001,West,1,30,38500.0,3500.0,COD
ORD0029,2024-12-15,2024-12-17,C015,P009,North,8,0,48000.0,24000.0,UPI
ORD0030,2024-08-10,2024-08-13,C058,P010,West,8,25,90000.0,26000.0,NetBanking
ORD0031,2023-12-15,2023-12-17,C094,P009,East,1,10,5400.0,2400.0,NetBanking
ORD0032,2023-04-27,2023-05-04,C060,P001,North,2,20,88000.0,18000.0,NetBanking
ORD0033,2023-03-17,2023-03-22,C093,P004,East,1,0,12000.0,6000.0,Card
ORD0034,2024-07-30,2024-08-02,C105,P003,North,2,5,15200.0,7200.0,UPI
ORD0035,2024-07-25,2024-08-01,C131,P001,East,7,5,365750.0,120750.0,NetBanking
ORD0036,2024-04-06,2024-04-10,C134,P007,East,5,20,80000.0,20000.0,COD
ORD0037,2024-08-05,2024-08-10,C171,P010,West,1,0,15000.0,7000.0,Card
ORD0038,2024-10-02,2024-10-04,C042,P006,East,5,0,1750.0,1000.0,Card
ORD0039,2023-09-03,2023-09-05,C156,P010,South,9,0,135000.0,63000.0,Card
ORD0040,2023-01-03,2023-01-07,C102,P007,West,8,25,120000.0,24000.0,COD
ORD0041,2023-02-03,2023-02-05,C062,P003,North,5,10,36000.0,16000.0,NetBanking
ORD0042,2023-03-14,2023-03-20,C127,P002,West,4,10,90000.0,30000.0,Card
ORD0043,2024-03-11,2024-03-12,C051,P010,North,9,5,128250.0,56250.0,Card
ORD0044,2023-09-30,2023-10-07,C174,P008,North,3,0,9000.0,4500.0,UPI
ORD0045,2023-06-19,2023-06-26,C169,P009,South,5,10,27000.0,12000.0,NetBanking
ORD0046,2023-05-08,2023-05-12,C098,P001,North,5,20,220000.0,45000.0,COD
ORD0047,2024-05-27,2024-06-01,C187,P008,South,8,25,18000.0,6000.0,UPI
ORD0048,2024-09-04,2024-09-05,C078,P008,North,7,15,17850.0,7350.0,COD
ORD0049,2023-01-27,2023-01-28,C166,P009,East,4,0,24000.0,12000.0,COD
ORD0050,2024-08-13,2024-08-14,C008,P006,West,3,25,787.5,337.5,NetBanking
ORD0051,2023-10-12,2023-10-14,C157,P002,South,10,20,200000.0,50000.0,NetBanking
ORD0052,2023-04-04,2023-04-08,C021,P009,East,6,20,28800.0,10800.0,COD
ORD0053,2023-11-25,2023-12-01,C196,P009,South,2,0,12000.0,6000.0,COD
ORD0054,2024-02-26,2024-03-03,C161,P004,North,8,10,86400.0,38400.0,NetBanking
ORD0055,2024-07-17,2024-07-18,C156,P009,South,8,0,48000.0,24000.0,COD
ORD0056,2023-09-16,2023-09-19,C130,P008,East,2,20,4800.0,1800.0,UPI
ORD0057,2024-11-04,2024-11-11,C002,P003,East,9,25,54000.0,18000.0,NetBanking
ORD0058,2023-02-25,2023-02-27,C118,P003,North,9,15,61200.0,25200.0,NetBanking
ORD0059,2024-10-02,2024-10-06,C042,P006,East,1,5,332.5,182.5,COD
ORD0060,2024-07-16,2024-07-18,C156,P004,South,5,25,45000.0,15000.0,NetBanking
ORD0061,2023-05-05,2023-05-06,C154,P007,East,10,5,190000.0,70000.0,Card
ORD0062,2023-11-15,2023-11-20,C126,P001,West,1,30,38500.0,3500.0,NetBanking
ORD0063,2023-04-06,2023-04-08,C190,P010,South,2,25,22500.0,6500.0,UPI
ORD0064,2024-10-25,2024-11-01,C104,P003,North,3,25,18000.0,6000.0,COD
ORD0065,2024-06-05,2024-06-11,C101,P008,East,5,20,12000.0,4500.0,NetBanking
ORD0066,2024-04-28,2024-04-30,C123,P009,East,8,30,33600.0,9600.0,Card
ORD0067,2024-01-28,2024-01-30,C180,P010,North,10,30,105000.0,25000.0,Card
ORD0068,2023-03-13,2023-03-16,C136,P006,East,7,15,2082.5,1032.5,COD
ORD0069,2023-01-03,2023-01-06,C054,P002,West,5,25,93750.0,18750.0,Card
ORD0070,2024-04-02,2024-04-07,C106,P006,South,8,15,2380.0,1180.0,COD
ORD0071,2024-07-19,2024-07-26,C151,P008,West,9,20,21600.0,8100.0,NetBanking
ORD0072,2023-11-26,2023-12-03,C004,P006,North,4,5,1330.0,730.0,NetBanking
ORD0073,2023-08-28,2023-09-04,C007,P002,South,7,0,175000.0,70000.0,COD
ORD0074,2024-04-29,2024-05-05,C029,P006,South,7,20,1960.0,910.0,Card
ORD0075,2024-05-22,2024-05-23,C192,P010,West,3,30,31500.0,7500.0,COD
ORD0076,2023-04-13,2023-04-20,C092,P009,North,8,0,48000.0,24000.0,NetBanking
ORD0077,2023-01-16,2023-01-22,C173,P004,East,3,20,28800.0,10800.0,Card
ORD0078,2023-03-18,2023-03-22,C163,P009,West,5,15,25500.0,10500.0,NetBanking
ORD0079,2024-10-27,2024-10-28,C008,P003,West,6,30,33600.0,9600.0,NetBanking
ORD0080,2023-11-21,2023-11-27,C086,P008,North,8,30,16800.0,4800.0,UPI
ORD0081,2024-09-24,2024-09-25,C134,P009,East,4,10,21600.0,9600.0,Card
ORD0082,2023-04-03,2023-04-07,C013,P006,East,2,0,700.0,400.0,NetBanking
ORD0083,2023-06-20,2023-06-26,C145,P001,East,5,0,275000.0,100000.0,UPI
ORD0084,2023-11-29,2023-12-06,C096,P005,East,1,10,225.0,125.0,COD
ORD0085,2024-01-19,2024-01-23,C049,P010,North,3,5,42750.0,18750.0,NetBanking
ORD0086,2024-08-02,2024-08-08,C133,P009,East,3,0,18000.0,9000.0,Card
ORD0087,2023-03-22,2023-03-27,C194,P007,East,7,5,133000.0,49000.0,NetBanking
ORD0088,2024-08-20,2024-08-22,C198,P006,South,4,25,1050.0,450.0,COD
ORD0089,2024-04-15,2024-04-18,C028,P006,West,1,25,262.5,112.5,COD
ORD0090,2024-11-24,2024-11-29,C115,P006,South,3,0,1050.0,600.0,NetBanking
ORD0091,2023-12-20,2023-12-25,C109,P007,North,5,20,80000.0,20000.0,COD
ORD0092,2024-04-12,2024-04-19,C069,P006,West,5,5,1662.5,912.5,NetBanking
ORD0093,2024-05-09,2024-05-10,C131,P003,East,4,20,25600.0,9600.0,COD
ORD0094,2024-08-11,2024-08-14,C094,P006,East,5,0,1750.0,1000.0,NetBanking
ORD0095,2023-10-09,2023-10-10,C120,P001,West,10,0,550000.0,200000.0,NetBanking
ORD0096,2023-10-21,2023-10-28,C106,P005,South,4,15,850.0,450.0,Card
ORD0097,2024-10-13,2024-10-15,C133,P001,East,10,10,495000.0,145000.0,Card
ORD0098,2024-10-05,2024-10-06,C029,P006,South,1,10,315.0,165.0,NetBanking
ORD0099,2023-02-04,2023-02-09,C195,P010,North,6,0,90000.0,42000.0,UPI
ORD0100,2023-10-30,2023-11-02,C119,P009,South,7,0,42000.0,21000.0,Card
ORD0101,2023-05-16,2023-05-23,C116,P005,South,9,15,1912.5,1012.5,COD
ORD0102,2023-06-18,2023-06-21,C022,P006,East,8,10,2520.0,1320.0,COD
ORD0103,2023-04-28,2023-05-02,C007,P006,South,2,0,700.0,400.0,Card
ORD0104,2024-11-23,2024-11-29,C035,P005,South,7,30,1225.0,525.0,COD
ORD0105,2023-04-03,2023-04-10,C153,P004,North,7,0,84000.0,42000.0,COD
ORD0106,2024-07-03,2024-07-04,C170,P005,West,8,15,1700.0,900.0,COD
ORD0107,2024-08-21,2024-08-25,C043,P005,West,6,0,1500.0,900.0,Card
ORD0108,2024-04-27,2024-04-28,C166,P003,East,10,30,56000.0,16000.0,COD
ORD0109,2024-09-16,2024-09-18,C199,P005,South,2,25,375.0,175.0,COD
ORD0110,2024-10-26,2024-10-30,C027,P009,South,2,0,12000.0,6000.0,UPI
ORD0111,2023-02-08,2023-02-11,C119,P003,South,8,0,64000.0,32000.0,UPI
ORD0112,2023-08-29,2023-09-03,C116,P008,South,3,20,7200.0,2700.0,NetBanking
ORD0113,2024-01-15,2024-01-21,C173,P002,East,9,20,180000.0,45000.0,Card
ORD0114,2024-02-29,2024-03-06,C001,P009,North,2,25,9000.0,3000.0,NetBanking
ORD0115,2023-10-14,2023-10-15,C188,P009,North,6,5,34200.0,16200.0,NetBanking
ORD0116,2024-03-31,2024-04-02,C191,P003,West,6,0,48000.0,24000.0,COD
ORD0117,2024-07-11,2024-07-17,C146,P009,West,6,0,36000.0,18000.0,NetBanking
ORD0118,2023-10-10,2023-10-12,C065,P006,West,2,25,525.0,225.0,UPI
ORD0119,2024-11-09,2024-11-11,C135,P006,West,10,0,3500.0,2000.0,UPI
ORD0120,2023-12-08,2023-12-10,C074,P005,West,3,5,712.5,412.5,UPI
ORD0121,2024-07-21,2024-07-23,C014,P004,West,10,5,114000.0,54000.0,Card
ORD0122,2023-12-03,2023-12-10,C042,P002,East,3,0,75000.0,30000.0,COD
ORD0123,2023-05-29,2023-05-31,C177,P003,West,9,10,64800.0,28800.0,Card
ORD0124,2023-04-23,2023-04-29,C008,P003,West,1,0,8000.0,4000.0,UPI
ORD0125,2024-01-02,2024-01-09,C105,P002,North,4,15,85000.0,25000.0,UPI
ORD0126,2023-06-28,2023-07-01,C126,P007,West,1,0,20000.0,8000.0,NetBanking
ORD0127,2024-06-22,2024-06-23,C120,P005,West,2,25,375.0,175.0,NetBanking
ORD0128,2024-01-06,2024-01-11,C114,P003,North,10,0,80000.0,40000.0,NetBanking
ORD0129,2024-05-30,2024-06-01,C037,P008,South,10,0,30000.0,15000.0,COD
ORD0130,2024-04-14,2024-04-20,C045,P006,North,1,0,350.0,200.0,NetBanking
ORD0131,2024-02-16,2024-02-20,C032,P001,South,2,25,82500.0,12500.0,NetBanking
ORD0132,2023-03-17,2023-03-18,C183,P006,South,6,0,2100.0,1200.0,UPI
ORD0133,2023-05-10,2023-05-13,C096,P004,East,10,30,84000.0,24000.0,COD
ORD0134,2024-01-26,2024-01-31,C138,P010,South,9,10,121500.0,49500.0,NetBanking
ORD0135,2024-06-01,2024-06-06,C152,P001,West,7,0,385000.0,140000.0,UPI
ORD0136,2024-11-01,2024-11-07,C096,P001,East,9,5,470250.0,155250.0,NetBanking
ORD0137,2024-04-07,2024-04-09,C183,P010,South,7,15,89250.0,33250.0,NetBanking
ORD0138,2024-02-13,2024-02-17,C169,P008,South,2,15,5100.0,2100.0,NetBanking
ORD0139,2023-11-17,2023-11-23,C062,P006,North,5,15,1487.5,737.5,Card
ORD0140,2024-12-04,2024-12-08,C193,P009,West,2,0,12000.0,6000.0,UPI
ORD0141,2023-04-06,2023-04-10,C009,P010,South,2,15,25500.0,9500.0,Card
ORD0142,2024-07-23,2024-07-24,C115,P007,South,10,30,140000.0,20000.0,COD
ORD0143,2024-11-17,2024-11-18,C020,P007,East,7,15,119000.0,35000.0,NetBanking
ORD0144,2023-02-22,2023-02-25,C197,P004,North,10,10,108000.0,48000.0,COD
ORD0145,2023-04-17,2023-04-22,C125,P010,North,9,5,128250.0,56250.0,Card
ORD0146,2024-11-03,2024-11-07,C184,P003,East,4,0,32000.0,16000.0,COD
ORD0147,2024-07-23,2024-07-26,C058,P003,West,2,10,14400.0,6400.0,Card
ORD0148,2024-03-15,2024-03-22,C124,P005,South,9,30,1575.0,675.0,UPI
ORD0149,2024-09-15,2024-09-21,C037,P006,South,5,0,1750.0,1000.0,Card
ORD0150,2023-10-07,2023-10-13,C066,P008,South,5,15,12750.0,5250.0,COD
ORD0151,2023-01-07,2023-01-09,C189,P007,West,3,20,48000.0,12000.0,UPI
ORD0152,2023-05-26,2023-06-01,C133,P004,East,1,0,12000.0,6000.0,Card
ORD0153,2024-01-21,2024-01-25,C041,P003,East,8,15,54400.0,22400.0,Card
ORD0154,2024-01-14,2024-01-17,C025,P004,West,6,0,72000.0,36000.0,UPI
ORD0155,2023-06-09,2023-06-11,C182,P003,West,10,0,80000.0,40000.0,UPI
ORD0156,2023-10-06,2023-10-10,C184,P009,East,7,25,31500.0,10500.0,NetBanking
ORD0157,2024-02-29,2024-03-03,C077,P009,North,4,30,16800.0,4800.0,UPI
ORD0158,2023-12-20,2023-12-24,C068,P008,North,2,10,5400.0,2400.0,NetBanking
ORD0159,2024-06-23,2024-06-29,C018,P009,South,5,0,30000.0,15000.0,Card
ORD0160,2024-02-09,2024-02-14,C097,P005,North,1,0,250.0,150.0,Card
ORD0161,2023-11-05,2023-11-07,C032,P007,South,3,10,54000.0,18000.0,COD
ORD0162,2023-12-02,2023-12-03,C017,P009,North,1,25,4500.0,1500.0,NetBanking
ORD0163,2023-06-29,2023-07-01,C131,P006,East,7,30,1715.0,665.0,Card
ORD0164,2024-05-27,2024-06-01,C028,P005,West,6,0,1500.0,900.0,NetBanking
ORD0165,2023-02-13,2023-02-17,C187,P010,South,1,25,11250.0,3250.0,UPI
ORD0166,2023-11-17,2023-11-22,C180,P006,North,7,20,1960.0,910.0,NetBanking
ORD0167,2023-10-24,2023-10-25,C029,P004,South,7,0,84000.0,42000.0,COD
ORD0168,2023-06-25,2023-07-02,C057,P004,East,10,25,90000.0,30000.0,COD
ORD0169,2023-04-01,2023-04-05,C159,P008,South,2,5,5700.0,2700.0,NetBanking
ORD0170,2024-08-26,2024-08-30,C121,P002,South,9,0,225000.0,90000.0,NetBanking
ORD0171,2023-11-14,2023-11-20,C146,P006,West,6,5,1995.0,1095.0,COD
ORD0172,2023-06-22,2023-06-23,C175,P001,South,9,0,495000.0,180000.0,Card
ORD0173,2023-12-24,2023-12-27,C098,P007,North,3,5,57000.0,21000.0,UPI
ORD0174,2023-05-30,2023-06-02,C170,P005,West,4,0,1000.0,600.0,Card
ORD0175,2024-11-02,2024-11-03,C198,P007,South,3,25,45000.0,9000.0,NetBanking
ORD0176,2024-07-31,2024-08-07,C123,P008,East,10,25,22500.0,7500.0,COD
ORD0177,2024-10-04,2024-10-07,C067,P007,West,3,25,45000.0,9000.0,UPI
ORD0178,2024-04-25,2024-04-29,C133,P006,East,5,10,1575.0,825.0,UPI
ORD0179,2023-12-27,2024-01-01,C127,P008,West,2,10,5400.0,2400.0,NetBanking
ORD0180,2024-04-07,2024-04-08,C098,P004,North,1,15,10200.0,4200.0,COD
ORD0181,2023-03-20,2023-03-26,C190,P003,South,2,30,11200.0,3200.0,NetBanking
ORD0182,2024-04-18,2024-04-23,C047,P007,South,9,0,180000.0,72000.0,NetBanking
ORD0183,2024-08-08,2024-08-14,C126,P004,West,4,15,40800.0,16800.0,NetBanking
ORD0184,2024-05-28,2024-05-30,C191,P008,West,1,25,2250.0,750.0,UPI
ORD0185,2023-12-18,2023-12-24,C036,P007,North,2,30,28000.0,4000.0,Card
ORD0186,2023-02-10,2023-02-12,C128,P008,South,8,25,18000.0,6000.0,Card
ORD0187,2024-01-08,2024-01-11,C182,P003,West,5,20,32000.0,12000.0,NetBanking
ORD0188,2023-12-13,2023-12-19,C001,P009,North,10,0,60000.0,30000.0,COD
ORD0189,2023-03-09,2023-03-12,C097,P002,North,2,30,35000.0,5000.0,NetBanking
ORD0190,2023-10-18,2023-10-21,C114,P008,North,10,0,30000.0,15000.0,COD
ORD0191,2023-03-25,2023-03-30,C159,P004,South,3,15,30600.0,12600.0,COD
ORD0192,2024-11-02,2024-11-08,C145,P010,East,7,0,105000.0,49000.0,UPI
ORD0193,2023-11-14,2023-11-19,C097,P006,North,7,15,2082.5,1032.5,Card
ORD0194,2024-11-17,2024-11-23,C026,P008,South,9,0,27000.0,13500.0,NetBanking
ORD0195,2024-06-04,2024-06-07,C172,P002,East,1,15,21250.0,6250.0,COD
ORD0196,2023-07-04,2023-07-06,C143,P006,East,6,25,1575.0,675.0,Card
ORD0197,2023-08-20,2023-08-22,C045,P004,North,3,0,36000.0,18000.0,COD
ORD0198,2023-04-14,2023-04-19,C153,P008,North,9,30,18900.0,5400.0,UPI
ORD0199,2024-11-08,2024-11-11,C023,P007,East,10,0,200000.0,80000.0,NetBanking
ORD0200,2023-06-07,2023-06-09,C181,P004,North,3,0,36000.0,18000.0,NetBanking
ORD0201,2023-02-14,2023-02-18,C080,P002,West,6,5,142500.0,52500.0,NetBanking
ORD0202,2024-09-17,2024-09-20,C061,P003,South,8,5,60800.0,28800.0,Card
ORD0203,2023-11-13,2023-11-20,C086,P010,North,8,5,114000.0,50000.0,COD
ORD0204,2024-11-25,2024-11-30,C066,P009,South,8,25,36000.0,12000.0,COD
ORD0205,2024-01-27,2024-02-01,C144,P006,West,9,20,2520.0,1170.0,Card
ORD0206,2023-07-24,2023-07-31,C183,P008,South,10,0,30000.0,15000.0,COD
ORD0207,2023-02-23,2023-03-01,C119,P003,South,8,15,54400.0,22400.0,UPI
ORD0208,2024-12-29,2025-01-05,C163,P007,West,9,0,180000.0,72000.0,COD
ORD0209,2023-03-27,2023-04-03,C161,P001,North,3,10,148500.0,43500.0,NetBanking
ORD0210,2024-06-09,2024-06-11,C040,P010,North,7,0,105000.0,49000.0,Card
ORD0211,2024-04-06,2024-04-09,C018,P004,South,1,20,9600.0,3600.0,UPI
ORD0212,2024-02-10,2024-02-15,C012,P003,West,6,5,45600.0,21600.0,NetBanking
ORD0213,2023-03-25,2023-03-28,C176,P010,South,4,0,60000.0,28000.0,COD
ORD0214,2023-04-12,2023-04-19,C022,P009,East,6,0,36000.0,18000.0,Card
ORD0215,2023-02-09,2023-02-12,C103,P002,North,8,0,200000.0,80000.0,NetBanking
ORD0216,2024-04-04,2024-04-09,C169,P009,South,1,0,6000.0,3000.0,UPI
ORD0217,2023-09-20,2023-09-22,C099,P004,South,3,30,25200.0,7200.0,NetBanking
ORD0218,2023-04-24,2023-05-01,C158,P006,North,5,5,1662.5,912.5,COD
ORD0219,2023-05-05,2023-05-06,C096,P001,East,4,20,176000.0,36000.0,NetBanking
ORD0220,2023-03-06,2023-03-07,C177,P008,West,8,30,16800.0,4800.0,UPI
ORD0221,2024-10-09,2024-10-14,C197,P007,North,10,5,190000.0,70000.0,Card
ORD0222,2023-10-26,2023-10-30,C043,P008,West,1,15,2550.0,1050.0,Card
ORD0223,2024-08-07,2024-08-11,C016,P002,East,3,0,75000.0,30000.0,COD
ORD0224,2023-03-11,2023-03-16,C088,P007,South,9,30,126000.0,18000.0,UPI
ORD0225,2024-02-04,2024-02-11,C196,P001,South,8,0,440000.0,160000.0,NetBanking
ORD0226,2024-01-18,2024-01-21,C052,P002,West,1,15,21250.0,6250.0,UPI
ORD0227,2023-12-20,2023-12-22,C038,P009,North,2,15,10200.0,4200.0,Card
ORD0228,2023-02-15,2023-02-18,C189,P010,West,9,15,114750.0,42750.0,Card
ORD0229,2024-12-02,2024-12-06,C077,P009,North,8,0,48000.0,24000.0,Card
ORD0230,2023-03-06,2023-03-12,C047,P006,South,8,0,2800.0,1600.0,COD
ORD0231,2023-07-26,2023-07-27,C006,P001,South,4,0,220000.0,80000.0,COD
ORD0232,2023-11-14,2023-11-19,C116,P003,South,7,30,39200.0,11200.0,NetBanking
ORD0233,2023-09-17,2023-09-18,C195,P001,North,4,10,198000.0,58000.0,COD
ORD0234,2023-02-18,2023-02-25,C060,P004,North,6,10,64800.0,28800.0,UPI
ORD0235,2024-01-12,2024-01-16,C060,P007,North,7,25,105000.0,21000.0,NetBanking
ORD0236,2023-12-14,2023-12-16,C188,P006,North,8,25,2100.0,900.0,COD
ORD0237,2024-06-15,2024-06-18,C167,P002,West,2,20,40000.0,10000.0,UPI
ORD0238,2024-03-16,2024-03-21,C076,P008,South,3,30,6300.0,1800.0,COD
ORD0239,2023-11-25,2023-11-26,C097,P003,North,2,15,13600.0,5600.0,COD
ORD0240,2023-11-10,2023-11-14,C061,P010,South,10,20,120000.0,40000.0,Card
ORD0241,2024-12-07,2024-12-11,C100,P004,East,6,25,54000.0,18000.0,UPI
ORD0242,2023-12-28,2024-01-02,C001,P003,North,7,10,50400.0,22400.0,UPI
ORD0243,2023-03-18,2023-03-24,C127,P003,West,7,15,47600.0,19600.0,Card
ORD0244,2023-02-01,2023-02-03,C138,P006,South,10,25,2625.0,1125.0,UPI
ORD0245,2023-05-10,2023-05-11,C174,P010,North,4,15,51000.0,19000.0,COD
ORD0246,2024-01-28,2024-02-02,C033,P005,East,1,0,250.0,150.0,NetBanking
ORD0247,2024-01-15,2024-01-18,C155,P001,East,8,0,440000.0,160000.0,Card
ORD0248,2024-06-26,2024-06-29,C097,P005,North,7,15,1487.5,787.5,COD
ORD0249,2023-09-13,2023-09-14,C006,P001,South,1,0,55000.0,20000.0,NetBanking
ORD0250,2024-06-14,2024-06-18,C180,P007,North,9,0,180000.0,72000.0,COD
ORD0251,2023-09-24,2023-09-30,C162,P004,South,8,5,91200.0,43200.0,COD
ORD0252,2024-12-11,2024-12-15,C102,P009,West,4,0,24000.0,12000.0,Card
ORD0253,2023-03-17,2023-03-21,C014,P007,West,3,25,45000.0,9000.0,UPI
ORD0254,2024-11-29,2024-12-06,C192,P006,West,6,15,1785.0,885.0,UPI
ORD0255,2024-07-17,2024-07-22,C144,P007,West,5,10,90000.0,30000.0,Card
ORD0256,2024-12-29,2025-01-04,C180,P006,North,3,15,892.5,442.5,Card
ORD0257,2023-05-05,2023-05-07,C112,P005,East,3,5,712.5,412.5,NetBanking
ORD0258,2023-01-27,2023-01-30,C154,P002,East,9,15,191250.0,56250.0,NetBanking
ORD0259,2024-07-18,2024-07-20,C022,P007,East,10,0,200000.0,80000.0,UPI
ORD0260,2023-11-13,2023-11-17,C158,P003,North,8,30,44800.0,12800.0,NetBanking
ORD0261,2024-02-24,2024-03-02,C041,P001,East,10,0,550000.0,200000.0,Card
ORD0262,2023-11-21,2023-11-27,C158,P007,North,2,25,30000.0,6000.0,NetBanking
ORD0263,2024-11-27,2024-12-02,C175,P009,South,6,0,36000.0,18000.0,Card
ORD0264,2023-05-13,2023-05-17,C107,P008,South,9,0,27000.0,13500.0,UPI
ORD0265,2024-06-14,2024-06-16,C068,P002,North,5,0,125000.0,50000.0,Card
ORD0266,2023-11-27,2023-12-03,C166,P007,East,4,15,68000.0,20000.0,COD
ORD0267,2023-03-22,2023-03-25,C135,P010,West,4,30,42000.0,10000.0,COD
ORD0268,2023-05-09,2023-05-15,C059,P009,South,5,30,21000.0,6000.0,UPI
ORD0269,2024-05-29,2024-06-04,C045,P007,North,3,0,60000.0,24000.0,Card
ORD0270,2024-11-05,2024-11-10,C013,P004,East,10,15,102000.0,42000.0,UPI
ORD0271,2023-01-30,2023-01-31,C014,P002,West,1,10,22500.0,7500.0,Card
ORD0272,2024-08-08,2024-08-12,C004,P008,North,10,0,30000.0,15000.0,NetBanking
ORD0273,2024-10-04,2024-10-09,C140,P009,South,5,10,27000.0,12000.0,NetBanking
ORD0274,2023-09-08,2023-09-15,C069,P001,West,7,10,346500.0,101500.0,NetBanking
ORD0275,2023-03-16,2023-03-22,C098,P006,North,1,0,350.0,200.0,NetBanking
ORD0276,2024-03-01,2024-03-05,C187,P004,South,8,5,91200.0,43200.0,COD
ORD0277,2024-09-13,2024-09-15,C003,P003,South,6,15,40800.0,16800.0,COD
ORD0278,2024-02-13,2024-02-15,C073,P010,South,6,30,63000.0,15000.0,UPI
ORD0279,2023-11-23,2023-11-25,C034,P003,West,8,0,64000.0,32000.0,COD
ORD0280,2024-04-05,2024-04-07,C188,P008,North,3,0,9000.0,4500.0,UPI
ORD0281,2023-10-25,2023-10-29,C109,P006,North,10,20,2800.0,1300.0,Card
ORD0282,2023-06-13,2023-06-20,C174,P002,North,6,15,127500.0,37500.0,Card
ORD0283,2023-06-13,2023-06-17,C099,P005,South,9,25,1687.5,787.5,NetBanking
ORD0284,2023-11-12,2023-11-16,C054,P001,West,1,0,55000.0,20000.0,NetBanking
ORD0285,2024-06-01,2024-06-05,C004,P008,North,4,5,11400.0,5400.0,COD
ORD0286,2023-02-19,2023-02-20,C178,P005,West,5,25,937.5,437.5,NetBanking
ORD0287,2023-10-20,2023-10-25,C060,P009,North,1,0,6000.0,3000.0,NetBanking
ORD0288,2023-05-18,2023-05-21,C114,P006,North,6,20,1680.0,780.0,COD
ORD0289,2023-02-16,2023-02-20,C149,P009,South,1,30,4200.0,1200.0,Card
ORD0290,2024-01-07,2024-01-12,C047,P010,South,5,0,75000.0,35000.0,NetBanking
ORD0291,2024-05-31,2024-06-04,C080,P002,West,9,10,202500.0,67500.0,UPI
ORD0292,2023-05-12,2023-05-13,C138,P003,South,7,15,47600.0,19600.0,COD
ORD0293,2024-07-25,2024-07-28,C010,P009,East,3,5,17100.0,8100.0,NetBanking
ORD0294,2024-05-27,2024-05-28,C003,P005,South,1,0,250.0,150.0,Card
ORD0295,2024-12-31,2025-01-03,C179,P003,South,8,30,44800.0,12800.0,NetBanking
ORD0296,2023-06-02,2023-06-07,C163,P006,West,9,0,3150.0,1800.0,COD
ORD0297,2024-09-19,2024-09-22,C072,P004,West,3,20,28800.0,10800.0,COD
ORD0298,2024-08-30,2024-09-02,C060,P006,North,9,30,2205.0,855.0,NetBanking
ORD0299,2024-12-26,2024-12-31,C133,P005,East,5,25,937.5,437.5,UPI
ORD0300,2024-01-13,2024-01-16,C070,P009,West,2,20,9600.0,3600.0,COD
ORD0301,2024-12-05,2024-12-11,C113,P006,West,1,25,262.5,112.5,COD
ORD0302,2024-11-02,2024-11-09,C126,P002,West,10,5,237500.0,87500.0,UPI
ORD0303,2024-08-20,2024-08-24,C085,P003,East,3,30,16800.0,4800.0,NetBanking
ORD0304,2023-06-01,2023-06-08,C044,P006,East,4,0,1400.0,800.0,UPI
ORD0305,2023-07-15,2023-07-16,C102,P002,West,8,15,170000.0,50000.0,NetBanking
ORD0306,2023-06-05,2023-06-09,C109,P003,North,4,20,25600.0,9600.0,NetBanking
ORD0307,2023-03-05,2023-03-11,C062,P007,North,3,30,42000.0,6000.0,Card
ORD0308,2024-07-28,2024-07-31,C075,P002,South,8,30,140000.0,20000.0,NetBanking
ORD0309,2023-11-18,2023-11-20,C021,P010,East,8,30,84000.0,20000.0,COD
ORD0310,2024-07-13,2024-07-16,C154,P008,East,5,25,11250.0,3750.0,Card
ORD0311,2023-09-10,2023-09-13,C196,P003,South,9,10,64800.0,28800.0,Card
ORD0312,2023-11-01,2023-11-08,C129,P007,South,5,5,95000.0,35000.0,NetBanking
ORD0313,2023-11-21,2023-11-25,C046,P009,South,6,30,25200.0,7200.0,COD
ORD0314,2023-10-22,2023-10-23,C198,P010,South,10,30,105000.0,25000.0,NetBanking
ORD0315,2024-02-09,2024-02-16,C190,P004,South,6,0,72000.0,36000.0,COD
ORD0316,2023-02-13,2023-02-16,C184,P006,East,2,15,595.0,295.0,NetBanking
ORD0317,2024-11-02,2024-11-05,C193,P003,West,8,5,60800.0,28800.0,Card
ORD0318,2024-07-05,2024-07-08,C044,P005,East,9,10,2025.0,1125.0,Card
ORD0319,2023-04-22,2023-04-27,C075,P008,South,10,5,28500.0,13500.0,Card
ORD0320,2023-02-21,2023-02-27,C100,P003,East,9,5,68400.0,32400.0,Card
ORD0321,2023-02-23,2023-02-24,C107,P004,South,7,15,71400.0,29400.0,NetBanking
ORD0322,2023-04-13,2023-04-19,C148,P002,North,3,0,75000.0,30000.0,Card
ORD0323,2024-02-21,2024-02-27,C102,P006,West,8,25,2100.0,900.0,Card
ORD0324,2023-10-22,2023-10-25,C122,P001,North,5,0,275000.0,100000.0,UPI
ORD0325,2024-10-29,2024-11-03,C149,P003,South,4,30,22400.0,6400.0,UPI
ORD0326,2023-06-29,2023-07-03,C106,P010,South,3,0,45000.0,21000.0,NetBanking
ORD0327,2024-05-22,2024-05-24,C113,P009,West,5,0,30000.0,15000.0,UPI
ORD0328,2023-11-02,2023-11-07,C103,P007,North,10,0,200000.0,80000.0,COD
ORD0329,2023-10-19,2023-10-23,C042,P001,East,9,30,346500.0,31500.0,NetBanking
ORD0330,2023-05-18,2023-05-25,C025,P004,West,9,25,81000.0,27000.0,COD
ORD0331,2023-07-17,2023-07-24,C019,P007,South,2,15,34000.0,10000.0,Card
ORD0332,2024-04-14,2024-04-20,C034,P009,West,5,0,30000.0,15000.0,UPI
ORD0333,2023-12-12,2023-12-19,C178,P002,West,5,5,118750.0,43750.0,Card
ORD0334,2024-09-17,2024-09-24,C166,P006,East,7,20,1960.0,910.0,COD
ORD0335,2023-03-30,2023-04-03,C142,P001,East,2,0,110000.0,40000.0,Card
ORD0336,2024-05-03,2024-05-06,C149,P005,South,4,0,1000.0,600.0,COD
ORD0337,2024-01-28,2024-01-30,C127,P001,West,8,10,396000.0,116000.0,COD
ORD0338,2023-11-06,2023-11-11,C023,P007,East,10,0,200000.0,80000.0,COD
ORD0339,2024-10-31,2024-11-03,C012,P010,West,4,0,60000.0,28000.0,UPI
ORD0340,2024-04-21,2024-04-24,C122,P006,North,3,20,840.0,390.0,COD
ORD0341,2024-12-07,2024-12-08,C154,P008,East,5,15,12750.0,5250.0,Card
ORD0342,2023-08-13,2023-08-15,C042,P008,East,8,0,24000.0,12000.0,NetBanking
ORD0343,2024-09-12,2024-09-15,C190,P005,South,7,30,1225.0,525.0,NetBanking
ORD0344,2024-07-04,2024-07-11,C120,P005,West,4,5,950.0,550.0,UPI
ORD0345,2024-06-22,2024-06-26,C136,P009,East,9,15,45900.0,18900.0,UPI
ORD0346,2024-07-31,2024-08-01,C028,P001,West,1,30,38500.0,3500.0,Card
ORD0347,2024-08-09,2024-08-14,C008,P009,West,3,0,18000.0,9000.0,COD
ORD0348,2024-06-16,2024-06-20,C122,P003,North,2,5,15200.0,7200.0,NetBanking
ORD0349,2023-04-04,2023-04-09,C033,P009,East,8,0,48000.0,24000.0,NetBanking
ORD0350,2023-05-16,2023-05-21,C063,P010,North,7,25,78750.0,22750.0,UPI
ORD0351,2024-07-26,2024-07-30,C069,P009,West,5,0,30000.0,15000.0,NetBanking
ORD0352,2023-09-18,2023-09-25,C003,P001,South,1,5,52250.0,17250.0,UPI
ORD0353,2023-02-16,2023-02-20,C038,P007,North,6,0,120000.0,48000.0,UPI
ORD0354,2023-03-12,2023-03-16,C008,P008,West,1,10,2700.0,1200.0,NetBanking
ORD0355,2023-07-04,2023-07-11,C157,P009,South,3,20,14400.0,5400.0,COD
ORD0356,2024-01-27,2024-01-31,C098,P003,North,7,20,44800.0,16800.0,UPI
ORD0357,2024-11-30,2024-12-06,C138,P009,South,9,0,54000.0,27000.0,COD
ORD0358,2023-05-02,2023-05-04,C129,P009,South,9,20,43200.0,16200.0,Card
ORD0359,2023-08-17,2023-08-24,C067,P008,West,1,0,3000.0,1500.0,COD
ORD0360,2024-04-19,2024-04-25,C085,P007,East,9,20,144000.0,36000.0,NetBanking
ORD0361,2023-08-24,2023-08-26,C147,P010,South,8,15,102000.0,38000.0,Card
ORD0362,2023-10-10,2023-10-12,C152,P009,West,2,0,12000.0,6000.0,NetBanking
ORD0363,2024-09-21,2024-09-28,C116,P007,South,1,5,19000.0,7000.0,Card
ORD0364,2023-03-10,2023-03-11,C034,P007,West,10,0,200000.0,80000.0,NetBanking
ORD0365,2024-09-04,2024-09-10,C115,P003,South,1,5,7600.0,3600.0,UPI
ORD0366,2024-02-16,2024-02-20,C054,P010,West,4,30,42000.0,10000.0,Card
ORD0367,2023-02-27,2023-03-01,C050,P007,South,9,10,162000.0,54000.0,Card
ORD0368,2024-08-12,2024-08-15,C059,P004,South,10,15,102000.0,42000.0,Card
ORD0369,2023-11-06,2023-11-08,C062,P010,North,9,5,128250.0,56250.0,NetBanking
ORD0370,2023-11-04,2023-11-07,C187,P005,South,1,30,175.0,75.0,Card
ORD0371,2024-10-03,2024-10-09,C017,P006,North,7,30,1715.0,665.0,NetBanking
ORD0372,2023-02-18,2023-02-21,C052,P001,West,7,30,269500.0,24500.0,COD
ORD0373,2024-12-14,2024-12-18,C028,P008,West,7,0,21000.0,10500.0,COD
ORD0374,2024-01-21,2024-01-23,C102,P001,West,9,25,371250.0,56250.0,Card
ORD0375,2023-08-19,2023-08-22,C045,P010,North,3,25,33750.0,9750.0,UPI
ORD0376,2024-07-29,2024-08-02,C026,P005,South,7,30,1225.0,525.0,Card
ORD0377,2024-02-02,2024-02-04,C155,P003,East,5,5,38000.0,18000.0,COD
ORD0378,2024-10-24,2024-10-25,C083,P006,West,8,15,2380.0,1180.0,UPI
ORD0379,2024-07-02,2024-07-08,C195,P008,North,4,0,12000.0,6000.0,COD
ORD0380,2024-01-22,2024-01-28,C079,P001,South,10,0,550000.0,200000.0,UPI
ORD0381,2023-07-12,2023-07-19,C178,P007,West,10,30,140000.0,20000.0,Card
ORD0382,2024-05-05,2024-05-07,C114,P008,North,6,10,16200.0,7200.0,UPI
ORD0383,2023-08-05,2023-08-07,C109,P004,North,2,25,18000.0,6000.0,Card
ORD0384,2024-12-13,2024-12-18,C141,P009,North,4,20,19200.0,7200.0,Card
ORD0385,2024-07-19,2024-07-22,C146,P002,West,5,20,100000.0,25000.0,NetBanking
ORD0386,2024-06-30,2024-07-06,C031,P002,West,6,10,135000.0,45000.0,COD
ORD0387,2024-01-04,2024-01-09,C077,P002,North,8,25,150000.0,30000.0,UPI
ORD0388,2024-04-25,2024-05-02,C186,P003,West,6,5,45600.0,21600.0,COD
ORD0389,2023-11-17,2023-11-21,C122,P004,North,1,5,11400.0,5400.0,Card
ORD0390,2023-01-17,2023-01-20,C092,P010,North,9,20,108000.0,36000.0,COD
ORD0391,2023-06-06,2023-06-08,C073,P008,South,6,5,17100.0,8100.0,NetBanking
ORD0392,2024-08-06,2024-08-13,C186,P002,West,4,25,75000.0,15000.0,COD
ORD0393,2023-09-21,2023-09-28,C110,P010,West,8,25,90000.0,26000.0,NetBanking
ORD0394,2023-06-22,2023-06-28,C175,P004,South,6,0,72000.0,36000.0,Card
ORD0395,2024-07-13,2024-07-17,C171,P003,West,3,30,16800.0,4800.0,UPI
ORD0396,2024-06-20,2024-06-21,C077,P004,North,2,0,24000.0,12000.0,UPI
ORD0397,2024-02-27,2024-02-29,C057,P002,East,4,0,100000.0,40000.0,Card
ORD0398,2023-01-10,2023-01-12,C123,P003,East,9,25,54000.0,18000.0,COD
ORD0399,2023-03-03,2023-03-08,C150,P006,East,10,25,2625.0,1125.0,NetBanking
ORD0400,2023-01-17,2023-01-18,C106,P005,South,9,30,1575.0,675.0,NetBanking
ORD0401,2023-01-13,2023-01-14,C111,P001,North,9,10,445500.0,130500.0,COD
ORD0402,2023-01-18,2023-01-23,C139,P007,West,7,0,140000.0,56000.0,UPI
ORD0403,2023-04-09,2023-04-14,C132,P010,East,3,5,42750.0,18750.0,Card
ORD0404,2024-09-26,2024-10-01,C024,P009,South,5,15,25500.0,10500.0,COD
ORD0405,2024-02-11,2024-02-12,C010,P003,East,6,20,38400.0,14400.0,NetBanking
ORD0406,2024-08-01,2024-08-03,C120,P005,West,4,10,900.0,500.0,UPI
ORD0407,2024-10-31,2024-11-07,C169,P007,South,1,0,20000.0,8000.0,NetBanking
ORD0408,2024-01-24,2024-01-28,C170,P005,West,9,25,1687.5,787.5,UPI
ORD0409,2024-10-14,2024-10-15,C183,P004,South,3,0,36000.0,18000.0,NetBanking
ORD0410,2024-03-20,2024-03-26,C160,P001,West,6,0,330000.0,120000.0,UPI
ORD0411,2023-08-24,2023-08-26,C193,P010,West,10,25,112500.0,32500.0,COD
ORD0412,2023-02-17,2023-02-18,C047,P004,South,5,30,42000.0,12000.0,UPI
ORD0413,2023-07-03,2023-07-10,C080,P010,West,6,0,90000.0,42000.0,Card
ORD0414,2024-08-24,2024-08-26,C149,P003,South,7,0,56000.0,28000.0,COD
ORD0415,2023-06-16,2023-06-21,C054,P006,West,4,20,1120.0,520.0,COD
ORD0416,2024-01-29,2024-02-05,C086,P009,North,3,0,18000.0,9000.0,COD
ORD0417,2023-02-24,2023-02-25,C055,P005,West,7,5,1662.5,962.5,UPI
ORD0418,2023-12-15,2023-12-20,C183,P009,South,10,20,48000.0,18000.0,COD
ORD0419,2023-01-31,2023-02-06,C106,P004,South,5,25,45000.0,15000.0,NetBanking
ORD0420,2023-08-22,2023-08-25,C077,P007,North,9,20,144000.0,36000.0,NetBanking
ORD0421,2023-07-10,2023-07-16,C001,P001,North,10,20,440000.0,90000.0,UPI
ORD0422,2024-09-25,2024-09-28,C187,P005,South,4,0,1000.0,600.0,UPI
ORD0423,2023-10-02,2023-10-04,C114,P001,North,7,0,385000.0,140000.0,NetBanking
ORD0424,2023-11-21,2023-11-24,C122,P003,North,2,0,16000.0,8000.0,UPI
ORD0425,2023-11-12,2023-11-16,C138,P001,South,6,10,297000.0,87000.0,UPI
ORD0426,2023-05-16,2023-05-17,C086,P005,North,3,20,600.0,300.0,NetBanking
ORD0427,2024-07-24,2024-07-29,C057,P002,East,9,20,180000.0,45000.0,UPI
ORD0428,2023-01-27,2023-01-28,C138,P005,South,6,30,1050.0,450.0,UPI
ORD0429,2024-09-03,2024-09-08,C114,P001,North,6,20,264000.0,54000.0,UPI
ORD0430,2023-10-26,2023-10-30,C106,P010,South,7,0,105000.0,49000.0,Card
ORD0431,2024-08-08,2024-08-13,C021,P002,East,3,20,60000.0,15000.0,Card
ORD0432,2023-05-23,2023-05-26,C037,P004,South,5,10,54000.0,24000.0,NetBanking
ORD0433,2023-05-30,2023-05-31,C071,P001,North,3,20,132000.0,27000.0,COD
ORD0434,2024-03-07,2024-03-10,C047,P006,South,8,0,2800.0,1600.0,COD
ORD0435,2023-09-15,2023-09-17,C139,P003,West,8,5,60800.0,28800.0,NetBanking
ORD0436,2023-04-20,2023-04-22,C137,P003,North,5,0,40000.0,20000.0,NetBanking
ORD0437,2023-12-07,2023-12-14,C114,P001,North,10,20,440000.0,90000.0,COD
ORD0438,2024-03-26,2024-03-29,C165,P007,South,7,0,140000.0,56000.0,COD
ORD0439,2023-11-25,2023-11-30,C128,P002,South,4,25,75000.0,15000.0,COD
ORD0440,2023-07-01,2023-07-05,C131,P003,East,6,10,43200.0,19200.0,NetBanking
ORD0441,2024-08-12,2024-08-19,C053,P004,South,4,15,40800.0,16800.0,NetBanking
ORD0442,2023-10-15,2023-10-22,C095,P007,West,7,15,119000.0,35000.0,UPI
ORD0443,2024-07-31,2024-08-02,C061,P005,South,10,30,1750.0,750.0,Card
ORD0444,2024-11-29,2024-12-06,C110,P005,West,9,0,2250.0,1350.0,NetBanking
ORD0445,2024-12-26,2024-12-28,C062,P008,North,8,10,21600.0,9600.0,UPI
ORD0446,2024-02-23,2024-02-29,C140,P002,South,8,0,200000.0,80000.0,COD
ORD0447,2023-09-05,2023-09-08,C087,P001,North,3,20,132000.0,27000.0,NetBanking
ORD0448,2023-03-17,2023-03-21,C039,P006,West,10,25,2625.0,1125.0,NetBanking
ORD0449,2024-07-01,2024-07-06,C016,P006,East,7,30,1715.0,665.0,UPI
ORD0450,2024-01-04,2024-01-10,C166,P010,East,9,0,135000.0,63000.0,UPI
ORD0451,2023-09-12,2023-09-18,C160,P004,West,6,0,72000.0,36000.0,UPI
ORD0452,2024-07-30,2024-08-05,C044,P009,East,7,15,35700.0,14700.0,NetBanking
ORD0453,2023-04-19,2023-04-20,C162,P003,South,2,10,14400.0,6400.0,Card
ORD0454,2024-06-06,2024-06-12,C063,P003,North,9,30,50400.0,14400.0,Card
ORD0455,2024-04-01,2024-04-04,C148,P008,North,7,25,15750.0,5250.0,Card
ORD0456,2023-12-20,2023-12-21,C136,P010,East,8,0,120000.0,56000.0,COD
ORD0457,2024-03-01,2024-03-02,C006,P004,South,2,0,24000.0,12000.0,COD
ORD0458,2023-11-16,2023-11-19,C008,P009,West,8,5,45600.0,21600.0,NetBanking
ORD0459,2023-12-23,2023-12-27,C113,P008,West,2,25,4500.0,1500.0,NetBanking
ORD0460,2023-11-23,2023-11-24,C100,P010,East,5,0,75000.0,35000.0,UPI
ORD0461,2023-01-24,2023-01-31,C001,P008,North,6,0,18000.0,9000.0,Card
ORD0462,2023-09-07,2023-09-12,C073,P009,South,3,30,12600.0,3600.0,Card
ORD0463,2023-12-05,2023-12-10,C170,P001,West,7,25,288750.0,43750.0,Card
ORD0464,2024-02-19,2024-02-25,C030,P010,West,3,0,45000.0,21000.0,NetBanking
ORD0465,2024-02-10,2024-02-11,C068,P007,North,10,5,190000.0,70000.0,NetBanking
ORD0466,2024-08-29,2024-09-02,C111,P003,North,7,0,56000.0,28000.0,Card
ORD0467,2023-07-30,2023-08-02,C156,P001,South,2,0,110000.0,40000.0,Card
ORD0468,2024-01-10,2024-01-13,C188,P006,North,4,25,1050.0,450.0,UPI
ORD0469,2023-09-26,2023-10-02,C031,P010,West,8,30,84000.0,20000.0,COD
ORD0470,2024-09-03,2024-09-07,C005,P010,North,10,20,120000.0,40000.0,UPI
ORD0471,2023-12-23,2023-12-26,C154,P009,East,8,0,48000.0,24000.0,COD
ORD0472,2024-09-21,2024-09-26,C086,P002,North,2,0,50000.0,20000.0,COD
ORD0473,2023-05-01,2023-05-03,C106,P001,South,5,0,275000.0,100000.0,Card
ORD0474,2024-01-18,2024-01-24,C082,P002,North,3,30,52500.0,7500.0,NetBanking
ORD0475,2024-03-04,2024-03-09,C141,P005,North,3,20,600.0,300.0,NetBanking
ORD0476,2023-07-10,2023-07-14,C045,P002,North,9,0,225000.0,90000.0,Card
ORD0477,2024-05-16,2024-05-19,C030,P010,West,3,0,45000.0,21000.0,COD
ORD0478,2024-04-06,2024-04-11,C043,P008,West,1,15,2550.0,1050.0,UPI
ORD0479,2024-05-11,2024-05-13,C057,P009,East,4,20,19200.0,7200.0,NetBanking
ORD0480,2024-02-23,2024-02-29,C142,P008,East,8,20,19200.0,7200.0,NetBanking
ORD0481,2024-05-15,2024-05-17,C159,P006,South,2,0,700.0,400.0,Card
ORD0482,2023-10-27,2023-10-28,C088,P004,South,5,5,57000.0,27000.0,COD
ORD0483,2023-06-22,2023-06-29,C145,P001,East,8,25,330000.0,50000.0,UPI
ORD0484,2024-08-09,2024-08-10,C022,P002,East,5,30,87500.0,12500.0,COD
ORD0485,2024-07-09,2024-07-16,C122,P004,North,1,25,9000.0,3000.0,Card
ORD0486,2024-03-11,2024-03-12,C140,P004,South,4,10,43200.0,19200.0,UPI
ORD0487,2024-04-05,2024-04-08,C038,P002,North,6,0,150000.0,60000.0,NetBanking
ORD0488,2023-05-01,2023-05-08,C034,P004,West,4,5,45600.0,21600.0,COD
ORD0489,2024-12-28,2025-01-02,C056,P010,South,7,0,105000.0,49000.0,Card
ORD0490,2023-07-31,2023-08-07,C041,P005,East,4,0,1000.0,600.0,COD
ORD0491,2024-06-29,2024-07-02,C147,P001,South,10,30,385000.0,35000.0,Card
ORD0492,2023-11-28,2023-12-04,C166,P002,East,5,10,112500.0,37500.0,COD
ORD0493,2024-06-10,2024-06-16,C056,P003,South,2,0,16000.0,8000.0,NetBanking
ORD0494,2023-03-02,2023-03-05,C162,P004,South,3,0,36000.0,18000.0,Card
ORD0495,2023-05-30,2023-06-05,C008,P001,West,6,5,313500.0,103500.0,NetBanking
ORD0496,2024-05-16,2024-05-18,C105,P005,North,10,10,2250.0,1250.0,NetBanking
ORD0497,2024-01-20,2024-01-24,C154,P006,East,2,0,700.0,400.0,NetBanking
ORD0498,2024-06-11,2024-06-17,C028,P007,West,5,15,85000.0,25000.0,NetBanking
ORD0499,2024-05-14,2024-05-17,C116,P004,South,10,0,120000.0,60000.0,UPI
ORD0500,2024-04-14,2024-04-20,C160,P003,West,6,0,48000.0,24000.0,NetBanking
ORD0501,2023-08-12,2023-08-16,C017,P005,North,4,25,750.0,350.0,COD
ORD0502,2023-11-27,2023-12-04,C127,P005,West,5,15,1062.5,562.5,Card
ORD0503,2024-08-02,2024-08-09,C004,P001,North,8,15,374000.0,94000.0,UPI
ORD0504,2023-02-17,2023-02-18,C158,P003,North,8,0,64000.0,32000.0,UPI
ORD0505,2023-06-11,2023-06-15,C131,P005,East,8,0,2000.0,1200.0,NetBanking
ORD0506,2023-07-27,2023-08-02,C074,P010,West,3,10,40500.0,16500.0,Card
ORD0507,2023-10-08,2023-10-09,C059,P003,South,6,10,43200.0,19200.0,UPI
ORD0508,2024-01-16,2024-01-22,C128,P001,South,3,0,165000.0,60000.0,NetBanking
ORD0509,2024-10-02,2024-10-05,C196,P002,South,4,20,80000.0,20000.0,UPI
ORD0510,2024-12-21,2024-12-22,C067,P005,West,1,5,237.5,137.5,NetBanking
ORD0511,2023-03-21,2023-03-23,C038,P009,North,10,5,57000.0,27000.0,NetBanking
ORD0512,2023-01-10,2023-01-11,C063,P008,North,6,0,18000.0,9000.0,NetBanking
ORD0513,2024-12-11,2024-12-13,C178,P007,West,8,0,160000.0,64000.0,Card
ORD0514,2024-01-28,2024-01-29,C089,P008,North,2,0,6000.0,3000.0,COD
ORD0515,2024-01-12,2024-01-15,C085,P005,East,3,20,600.0,300.0,Card
ORD0516,2024-10-18,2024-10-24,C010,P007,East,3,0,60000.0,24000.0,UPI
ORD0517,2024-09-16,2024-09-22,C017,P003,North,3,25,18000.0,6000.0,COD
ORD0518,2023-08-07,2023-08-13,C161,P005,North,3,20,600.0,300.0,NetBanking
ORD0519,2023-08-11,2023-08-12,C127,P007,West,2,0,40000.0,16000.0,UPI
ORD0520,2024-08-26,2024-09-01,C146,P006,West,7,15,2082.5,1032.5,NetBanking
ORD0521,2023-11-19,2023-11-26,C158,P001,North,3,5,156750.0,51750.0,COD
ORD0522,2024-10-22,2024-10-23,C025,P010,West,4,30,42000.0,10000.0,COD
ORD0523,2024-12-08,2024-12-09,C084,P002,West,5,5,118750.0,43750.0,Card
ORD0524,2024-02-06,2024-02-09,C084,P007,West,1,5,19000.0,7000.0,NetBanking
ORD0525,2024-01-31,2024-02-01,C061,P005,South,4,25,750.0,350.0,UPI
ORD0526,2024-06-24,2024-06-25,C199,P008,South,6,15,15300.0,6300.0,Card
ORD0527,2024-02-01,2024-02-08,C129,P009,South,10,20,48000.0,18000.0,COD
ORD0528,2024-07-13,2024-07-19,C118,P004,North,3,25,27000.0,9000.0,UPI
ORD0529,2023-01-18,2023-01-23,C090,P004,North,2,0,24000.0,12000.0,COD
ORD0530,2023-08-09,2023-08-10,C024,P001,South,1,20,44000.0,9000.0,COD
ORD0531,2024-10-05,2024-10-11,C112,P001,East,9,20,396000.0,81000.0,NetBanking
ORD0532,2024-12-19,2024-12-23,C176,P004,South,2,30,16800.0,4800.0,Card
ORD0533,2023-10-12,2023-10-13,C068,P008,North,5,0,15000.0,7500.0,Card
ORD0534,2023-06-09,2023-06-14,C200,P004,West,6,20,57600.0,21600.0,UPI
ORD0535,2023-11-14,2023-11-20,C183,P009,South,7,5,39900.0,18900.0,UPI
ORD0536,2023-09-08,2023-09-09,C188,P005,North,7,0,1750.0,1050.0,NetBanking
ORD0537,2024-09-18,2024-09-23,C118,P004,North,1,10,10800.0,4800.0,Card
ORD0538,2023-05-03,2023-05-04,C181,P001,North,3,0,165000.0,60000.0,Card
ORD0539,2024-05-23,2024-05-26,C005,P007,North,9,30,126000.0,18000.0,COD
ORD0540,2023-06-20,2023-06-23,C104,P009,North,3,10,16200.0,7200.0,UPI
ORD0541,2023-01-31,2023-02-03,C152,P009,West,7,10,37800.0,16800.0,UPI
ORD0542,2023-09-27,2023-10-03,C065,P007,West,10,0,200000.0,80000.0,NetBanking
ORD0543,2024-04-11,2024-04-16,C119,P007,South,6,0,120000.0,48000.0,NetBanking
ORD0544,2024-08-03,2024-08-05,C031,P003,West,6,0,48000.0,24000.0,COD
ORD0545,2023-04-16,2023-04-21,C135,P001,West,2,5,104500.0,34500.0,UPI
ORD0546,2023-02-15,2023-02-22,C138,P002,South,1,5,23750.0,8750.0,UPI
ORD0547,2024-04-28,2024-05-01,C032,P007,South,7,0,140000.0,56000.0,Card
ORD0548,2023-02-06,2023-02-11,C037,P009,South,7,5,39900.0,18900.0,COD
ORD0549,2023-09-12,2023-09-16,C125,P002,North,6,10,135000.0,45000.0,UPI
ORD0550,2024-08-08,2024-08-11,C065,P009,West,2,30,8400.0,2400.0,UPI
ORD0551,2023-07-03,2023-07-05,C185,P008,North,9,0,27000.0,13500.0,NetBanking
ORD0552,2023-03-12,2023-03-16,C159,P005,South,5,10,1125.0,625.0,COD
ORD0553,2023-03-30,2023-04-04,C161,P008,North,8,0,24000.0,12000.0,COD
ORD0554,2023-07-25,2023-07-28,C048,P009,East,10,10,54000.0,24000.0,Card
ORD0555,2024-04-20,2024-04-23,C138,P006,South,10,25,2625.0,1125.0,Card
ORD0556,2024-07-13,2024-07-20,C181,P006,North,4,0,1400.0,800.0,UPI
ORD0557,2024-02-24,2024-02-25,C026,P010,South,4,30,42000.0,10000.0,COD
ORD0558,2024-10-13,2024-10-20,C118,P007,North,1,15,17000.0,5000.0,UPI
ORD0559,2024-11-04,2024-11-08,C033,P010,East,5,0,75000.0,35000.0,Card
ORD0560,2024-06-26,2024-06-28,C057,P006,East,7,25,1837.5,787.5,UPI
ORD0561,2023-05-26,2023-06-01,C085,P005,East,5,0,1250.0,750.0,UPI
ORD0562,2023-08-26,2023-09-02,C151,P002,West,9,20,180000.0,45000.0,COD
ORD0563,2024-04-14,2024-04-20,C070,P003,West,2,0,16000.0,8000.0,Card
ORD0564,2024-10-14,2024-10-21,C163,P008,West,7,0,21000.0,10500.0,UPI
ORD0565,2024-03-21,2024-03-27,C145,P005,East,3,5,712.5,412.5,COD
ORD0566,2023-09-25,2023-10-02,C030,P001,West,6,20,264000.0,54000.0,COD
ORD0567,2023-11-22,2023-11-26,C200,P009,West,5,5,28500.0,13500.0,UPI
ORD0568,2023-07-27,2023-07-29,C146,P003,West,10,0,80000.0,40000.0,Card
ORD0569,2023-04-19,2023-04-21,C118,P002,North,8,25,150000.0,30000.0,COD
ORD0570,2024-02-21,2024-02-22,C195,P001,North,9,15,420750.0,105750.0,Card
ORD0571,2024-04-07,2024-04-10,C145,P004,East,8,10,86400.0,38400.0,UPI
ORD0572,2023-04-03,2023-04-05,C109,P009,North,5,0,30000.0,15000.0,Card
ORD0573,2023-12-02,2023-12-04,C097,P006,North,2,5,665.0,365.0,COD
ORD0574,2024-02-10,2024-02-15,C038,P009,North,1,10,5400.0,2400.0,COD
ORD0575,2023-06-28,2023-06-29,C009,P005,South,7,25,1312.5,612.5,Card
ORD0576,2023-04-07,2023-04-11,C188,P008,North,2,0,6000.0,3000.0,UPI
ORD0577,2023-01-13,2023-01-14,C186,P008,West,4,0,12000.0,6000.0,Card
ORD0578,2024-02-15,2024-02-18,C157,P002,South,2,10,45000.0,15000.0,UPI
ORD0579,2023-01-23,2023-01-24,C175,P007,South,4,25,60000.0,12000.0,Card
ORD0580,2023-04-05,2023-04-12,C144,P001,West,6,0,330000.0,120000.0,UPI
ORD0581,2024-04-17,2024-04-18,C080,P003,West,3,20,19200.0,7200.0,NetBanking
ORD0582,2024-05-23,2024-05-24,C100,P009,East,7,20,33600.0,12600.0,Card
ORD0583,2023-12-29,2023-12-31,C020,P001,East,3,10,148500.0,43500.0,COD
ORD0584,2024-04-01,2024-04-03,C099,P009,South,1,5,5700.0,2700.0,COD
ORD0585,2024-05-25,2024-05-29,C162,P006,South,9,25,2362.5,1012.5,UPI
ORD0586,2023-03-31,2023-04-03,C007,P006,South,7,0,2450.0,1400.0,NetBanking
ORD0587,2023-07-24,2023-07-30,C073,P003,South,9,5,68400.0,32400.0,UPI
ORD0588,2024-01-27,2024-02-03,C180,P003,North,6,25,36000.0,12000.0,NetBanking
ORD0589,2023-12-19,2023-12-24,C036,P008,North,9,15,22950.0,9450.0,NetBanking
ORD0590,2023-10-04,2023-10-06,C190,P004,South,1,15,10200.0,4200.0,Card
ORD0591,2023-01-31,2023-02-07,C174,P005,North,5,0,1250.0,750.0,NetBanking
ORD0592,2024-06-26,2024-06-29,C158,P001,North,10,5,522500.0,172500.0,Card
ORD0593,2023-04-13,2023-04-15,C140,P005,South,4,10,900.0,500.0,UPI
ORD0594,2023-08-13,2023-08-18,C142,P008,East,7,15,17850.0,7350.0,Card
ORD0595,2023-06-30,2023-07-02,C081,P006,North,10,15,2975.0,1475.0,COD
ORD0596,2024-08-28,2024-08-29,C042,P003,East,6,0,48000.0,24000.0,Card
ORD0597,2024-05-19,2024-05-24,C159,P003,South,5,0,40000.0,20000.0,NetBanking
ORD0598,2023-02-08,2023-02-09,C090,P008,North,1,5,2850.0,1350.0,Card
ORD0599,2023-01-21,2023-01-26,C196,P001,South,8,0,440000.0,160000.0,COD
ORD0600,2024-09-20,2024-09-22,C061,P007,South,3,15,51000.0,15000.0,Card
ORD0601,2023-11-28,2023-11-29,C043,P008,West,1,0,3000.0,1500.0,Card
ORD0602,2023-04-24,2023-05-01,C189,P009,West,9,15,45900.0,18900.0,UPI
ORD0603,2024-01-18,2024-01-24,C049,P008,North,7,0,21000.0,10500.0,COD
ORD0604,2023-11-06,2023-11-09,C007,P008,South,3,0,9000.0,4500.0,NetBanking
ORD0605,2024-10-16,2024-10-20,C063,P003,North,6,0,48000.0,24000.0,COD
ORD0606,2023-08-17,2023-08-23,C160,P009,West,10,0,60000.0,30000.0,NetBanking
ORD0607,2023-11-11,2023-11-17,C197,P004,North,5,0,60000.0,30000.0,Card
ORD0608,2023-01-02,2023-01-08,C112,P005,East,10,20,2000.0,1000.0,UPI
ORD0609,2023-07-06,2023-07-11,C016,P006,East,6,5,1995.0,1095.0,UPI
ORD0610,2024-05-23,2024-05-25,C098,P010,North,6,0,90000.0,42000.0,Card
ORD0611,2023-12-22,2023-12-25,C102,P009,West,3,0,18000.0,9000.0,COD
ORD0612,2024-04-02,2024-04-03,C018,P007,South,5,5,95000.0,35000.0,Card
ORD0613,2024-12-10,2024-12-11,C009,P010,South,6,10,81000.0,33000.0,UPI
ORD0614,2023-01-02,2023-01-03,C052,P005,West,7,25,1312.5,612.5,NetBanking
ORD0615,2023-06-20,2023-06-24,C091,P005,North,8,20,1600.0,800.0,COD
ORD0616,2024-07-13,2024-07-17,C091,P002,North,2,25,37500.0,7500.0,Card
ORD0617,2023-06-16,2023-06-20,C008,P008,West,2,0,6000.0,3000.0,COD
ORD0618,2023-01-21,2023-01-24,C179,P001,South,5,0,275000.0,100000.0,UPI
ORD0619,2023-12-17,2023-12-19,C040,P009,North,7,0,42000.0,21000.0,UPI
ORD0620,2024-07-14,2024-07-15,C119,P003,South,6,25,36000.0,12000.0,UPI
ORD0621,2024-03-17,2024-03-23,C029,P002,South,3,20,60000.0,15000.0,Card
ORD0622,2023-02-24,2023-02-25,C020,P006,East,6,5,1995.0,1095.0,Card
ORD0623,2024-02-24,2024-03-01,C184,P005,East,9,30,1575.0,675.0,COD
ORD0624,2024-11-07,2024-11-10,C141,P008,North,5,5,14250.0,6750.0,UPI
ORD0625,2023-02-20,2023-02-24,C028,P009,West,10,30,42000.0,12000.0,NetBanking
ORD0626,2023-06-07,2023-06-08,C124,P007,South,6,0,120000.0,48000.0,NetBanking
ORD0627,2023-03-31,2023-04-03,C168,P009,West,10,25,45000.0,15000.0,Card
ORD0628,2023-04-10,2023-04-11,C126,P010,West,4,0,60000.0,28000.0,COD
ORD0629,2023-03-25,2023-03-29,C049,P008,North,2,10,5400.0,2400.0,NetBanking
ORD0630,2024-04-27,2024-05-01,C078,P006,North,5,0,1750.0,1000.0,NetBanking
ORD0631,2023-07-09,2023-07-12,C186,P009,West,7,15,35700.0,14700.0,Card
ORD0632,2024-04-01,2024-04-02,C096,P006,East,5,25,1312.5,562.5,NetBanking
ORD0633,2023-09-27,2023-09-29,C113,P009,West,5,0,30000.0,15000.0,Card
ORD0634,2024-12-14,2024-12-20,C057,P006,East,2,0,700.0,400.0,COD
ORD0635,2024-07-08,2024-07-12,C116,P006,South,10,5,3325.0,1825.0,UPI
ORD0636,2024-02-01,2024-02-08,C088,P003,South,9,20,57600.0,21600.0,NetBanking
ORD0637,2024-08-09,2024-08-11,C010,P004,East,8,10,86400.0,38400.0,UPI
ORD0638,2024-02-09,2024-02-16,C052,P001,West,1,30,38500.0,3500.0,Card
ORD0639,2023-05-04,2023-05-11,C195,P007,North,8,0,160000.0,64000.0,Card
ORD0640,2023-08-05,2023-08-12,C125,P007,North,4,0,80000.0,32000.0,UPI
ORD0641,2024-03-09,2024-03-10,C112,P009,East,7,5,39900.0,18900.0,Card
ORD0642,2024-09-01,2024-09-04,C057,P005,East,6,0,1500.0,900.0,UPI
ORD0643,2024-02-02,2024-02-07,C040,P004,North,7,30,58800.0,16800.0,COD
ORD0644,2023-10-10,2023-10-15,C047,P009,South,8,0,48000.0,24000.0,NetBanking
ORD0645,2023-04-26,2023-04-30,C055,P004,West,3,0,36000.0,18000.0,UPI
ORD0646,2023-04-19,2023-04-24,C098,P008,North,2,10,5400.0,2400.0,COD
ORD0647,2024-02-25,2024-02-28,C108,P009,East,7,25,31500.0,10500.0,NetBanking
ORD0648,2023-02-08,2023-02-10,C169,P005,South,5,20,1000.0,500.0,Card
ORD0649,2024-09-25,2024-09-30,C052,P006,West,7,0,2450.0,1400.0,NetBanking
ORD0650,2023-12-06,2023-12-12,C007,P002,South,4,0,100000.0,40000.0,NetBanking
ORD0651,2023-10-03,2023-10-06,C096,P007,East,1,15,17000.0,5000.0,COD
ORD0652,2023-11-15,2023-11-18,C019,P010,South,8,0,120000.0,56000.0,Card
ORD0653,2023-05-18,2023-05-21,C019,P003,South,8,15,54400.0,22400.0,COD
ORD0654,2024-03-02,2024-03-07,C100,P005,East,2,5,475.0,275.0,NetBanking
ORD0655,2023-08-05,2023-08-12,C101,P010,East,7,25,78750.0,22750.0,COD
ORD0656,2023-02-27,2023-03-04,C016,P001,East,3,0,165000.0,60000.0,COD
ORD0657,2024-12-27,2025-01-01,C032,P002,South,7,0,175000.0,70000.0,UPI
ORD0658,2023-06-27,2023-06-29,C107,P003,South,4,0,32000.0,16000.0,Card
ORD0659,2023-02-03,2023-02-07,C146,P003,West,1,15,6800.0,2800.0,Card
ORD0660,2023-10-08,2023-10-11,C056,P007,South,8,30,112000.0,16000.0,NetBanking
ORD0661,2024-10-12,2024-10-13,C102,P009,West,1,5,5700.0,2700.0,COD
ORD0662,2024-05-15,2024-05-20,C006,P009,South,8,0,48000.0,24000.0,NetBanking
ORD0663,2024-08-23,2024-08-28,C037,P009,South,6,15,30600.0,12600.0,Card
ORD0664,2023-09-22,2023-09-28,C131,P001,East,2,10,99000.0,29000.0,UPI
ORD0665,2024-01-31,2024-02-01,C009,P006,South,3,5,997.5,547.5,Card
ORD0666,2024-10-24,2024-10-26,C155,P002,East,4,10,90000.0,30000.0,NetBanking
ORD0667,2024-06-09,2024-06-10,C108,P007,East,1,25,15000.0,3000.0,Card
ORD0668,2024-10-24,2024-10-26,C178,P007,West,10,0,200000.0,80000.0,Card
ORD0669,2023-09-16,2023-09-21,C005,P006,North,5,10,1575.0,825.0,NetBanking
ORD0670,2024-01-21,2024-01-28,C105,P005,North,6,25,1125.0,525.0,COD
ORD0671,2023-08-12,2023-08-16,C152,P001,West,5,30,192500.0,17500.0,NetBanking
ORD0672,2024-08-21,2024-08-22,C009,P004,South,1,30,8400.0,2400.0,COD
ORD0673,2024-07-28,2024-08-03,C025,P006,West,10,10,3150.0,1650.0,COD
ORD0674,2024-12-01,2024-12-02,C108,P008,East,8,0,24000.0,12000.0,COD
ORD0675,2023-10-11,2023-10-17,C182,P002,West,6,10,135000.0,45000.0,COD
ORD0676,2024-11-02,2024-11-08,C177,P005,West,5,5,1187.5,687.5,Card
ORD0677,2024-06-13,2024-06-20,C030,P007,West,4,0,80000.0,32000.0,NetBanking
ORD0678,2024-11-07,2024-11-10,C007,P002,South,3,0,75000.0,30000.0,NetBanking
ORD0679,2023-10-30,2023-11-02,C119,P002,South,7,20,140000.0,35000.0,NetBanking
ORD0680,2023-02-06,2023-02-11,C182,P007,West,10,5,190000.0,70000.0,COD
ORD0681,2024-12-31,2025-01-02,C190,P008,South,9,25,20250.0,6750.0,COD
ORD0682,2024-06-03,2024-06-06,C132,P003,East,3,30,16800.0,4800.0,Card
ORD0683,2023-10-28,2023-10-29,C175,P008,South,8,0,24000.0,12000.0,COD
ORD0684,2024-07-26,2024-08-02,C179,P001,South,3,15,140250.0,35250.0,UPI
ORD0685,2023-08-16,2023-08-19,C188,P009,North,4,10,21600.0,9600.0,NetBanking
ORD0686,2023-12-06,2023-12-09,C045,P005,North,5,10,1125.0,625.0,NetBanking
ORD0687,2023-05-01,2023-05-05,C176,P010,South,1,0,15000.0,7000.0,NetBanking
ORD0688,2023-07-19,2023-07-24,C067,P010,West,2,20,24000.0,8000.0,COD
ORD0689,2024-02-28,2024-02-29,C110,P006,West,3,0,1050.0,600.0,Card
ORD0690,2023-12-17,2023-12-21,C003,P006,South,10,25,2625.0,1125.0,Card
ORD0691,2023-11-20,2023-11-27,C077,P006,North,3,0,1050.0,600.0,NetBanking
ORD0692,2023-12-07,2023-12-13,C076,P005,South,3,15,637.5,337.5,UPI
ORD0693,2023-01-05,2023-01-09,C122,P004,North,5,5,57000.0,27000.0,Card
ORD0694,2024-08-13,2024-08-20,C122,P002,North,3,25,56250.0,11250.0,UPI
ORD0695,2023-05-13,2023-05-18,C072,P007,West,7,20,112000.0,28000.0,NetBanking
ORD0696,2024-03-15,2024-03-19,C033,P004,East,7,0,84000.0,42000.0,UPI
ORD0697,2024-06-30,2024-07-02,C183,P004,South,6,0,72000.0,36000.0,COD
ORD0698,2024-06-27,2024-06-29,C046,P003,South,1,0,8000.0,4000.0,Card
ORD0699,2023-08-20,2023-08-26,C181,P001,North,6,10,297000.0,87000.0,Card
ORD0700,2023-04-16,2023-04-20,C189,P004,West,9,10,97200.0,43200.0,Card
ORD0701,2023-03-08,2023-03-15,C106,P006,South,1,10,315.0,165.0,COD
ORD0702,2024-04-11,2024-04-17,C132,P005,East,9,30,1575.0,675.0,COD
ORD0703,2024-03-20,2024-03-26,C044,P001,East,3,15,140250.0,35250.0,NetBanking
ORD0704,2024-01-03,2024-01-10,C003,P006,South,4,0,1400.0,800.0,NetBanking
ORD0705,2023-01-20,2023-01-22,C073,P010,South,4,0,60000.0,28000.0,Card
ORD0706,2023-01-23,2023-01-28,C083,P009,West,9,0,54000.0,27000.0,UPI
ORD0707,2024-01-11,2024-01-17,C125,P008,North,1,20,2400.0,900.0,COD
ORD0708,2024-07-01,2024-07-06,C045,P005,North,1,0,250.0,150.0,UPI
ORD0709,2024-10-31,2024-11-07,C180,P008,North,1,0,3000.0,1500.0,UPI
ORD0710,2024-03-02,2024-03-06,C098,P004,North,7,0,84000.0,42000.0,COD
ORD0711,2024-04-30,2024-05-06,C044,P008,East,3,5,8550.0,4050.0,UPI
ORD0712,2023-11-05,2023-11-09,C032,P007,South,2,30,28000.0,4000.0,COD
ORD0713,2024-09-29,2024-10-04,C102,P005,West,3,20,600.0,300.0,UPI
ORD0714,2024-06-07,2024-06-13,C126,P003,West,10,0,80000.0,40000.0,COD
ORD0715,2023-04-27,2023-05-04,C028,P005,West,2,25,375.0,175.0,Card
ORD0716,2024-09-15,2024-09-17,C178,P007,West,5,30,70000.0,10000.0,Card
ORD0717,2024-01-02,2024-01-08,C062,P002,North,7,10,157500.0,52500.0,Card
ORD0718,2023-02-10,2023-02-15,C135,P001,West,8,5,418000.0,138000.0,NetBanking
ORD0719,2023-12-05,2023-12-07,C180,P001,North,1,0,55000.0,20000.0,UPI
ORD0720,2023-04-24,2023-05-01,C077,P008,North,10,25,22500.0,7500.0,Card
ORD0721,2023-04-03,2023-04-10,C023,P004,East,9,0,108000.0,54000.0,UPI
ORD0722,2023-09-20,2023-09-26,C154,P006,East,4,25,1050.0,450.0,COD
ORD0723,2023-09-28,2023-10-02,C088,P004,South,1,0,12000.0,6000.0,Card
ORD0724,2023-02-10,2023-02-17,C096,P010,East,5,15,63750.0,23750.0,COD
ORD0725,2024-03-12,2024-03-18,C152,P004,West,2,0,24000.0,12000.0,UPI
ORD0726,2023-01-10,2023-01-17,C037,P006,South,3,0,1050.0,600.0,COD
ORD0727,2024-01-02,2024-01-06,C048,P007,East,10,10,180000.0,60000.0,UPI
ORD0728,2024-01-17,2024-01-24,C125,P003,North,6,0,48000.0,24000.0,UPI
ORD0729,2024-02-15,2024-02-19,C157,P006,South,8,10,2520.0,1320.0,NetBanking
ORD0730,2024-12-07,2024-12-14,C151,P006,West,8,20,2240.0,1040.0,Card
ORD0731,2023-04-26,2023-04-28,C136,P001,East,1,0,55000.0,20000.0,UPI
ORD0732,2024-03-02,2024-03-07,C150,P002,East,8,25,150000.0,30000.0,Card
ORD0733,2024-09-17,2024-09-21,C143,P001,East,6,0,330000.0,120000.0,Card
ORD0734,2024-05-09,2024-05-13,C149,P003,South,2,20,12800.0,4800.0,NetBanking
ORD0735,2023-02-17,2023-02-18,C092,P005,North,5,15,1062.5,562.5,UPI
ORD0736,2024-12-22,2024-12-29,C104,P004,North,9,5,102600.0,48600.0,COD
ORD0737,2024-06-15,2024-06-20,C030,P001,West,10,0,550000.0,200000.0,NetBanking
ORD0738,2024-11-08,2024-11-14,C091,P003,North,4,25,24000.0,8000.0,COD
ORD0739,2024-11-10,2024-11-16,C137,P008,North,7,0,21000.0,10500.0,UPI
ORD0740,2023-01-12,2023-01-18,C034,P002,West,3,30,52500.0,7500.0,NetBanking
ORD0741,2024-05-22,2024-05-29,C101,P004,East,3,0,36000.0,18000.0,NetBanking
ORD0742,2023-11-25,2023-11-27,C013,P005,East,6,10,1350.0,750.0,UPI
ORD0743,2024-06-03,2024-06-05,C066,P001,South,9,20,396000.0,81000.0,NetBanking
ORD0744,2023-08-29,2023-08-30,C143,P004,East,8,25,72000.0,24000.0,NetBanking
ORD0745,2023-04-01,2023-04-08,C197,P004,North,8,25,72000.0,24000.0,COD
ORD0746,2023-05-02,2023-05-06,C199,P006,South,1,0,350.0,200.0,NetBanking
ORD0747,2024-02-27,2024-02-28,C155,P005,East,9,30,1575.0,675.0,UPI
ORD0748,2023-04-04,2023-04-11,C125,P010,North,10,10,135000.0,55000.0,Card
ORD0749,2024-11-01,2024-11-07,C056,P006,South,8,15,2380.0,1180.0,COD
ORD0750,2023-02-25,2023-03-04,C054,P007,West,4,25,60000.0,12000.0,COD
ORD0751,2024-07-27,2024-08-03,C130,P006,East,10,25,2625.0,1125.0,COD
ORD0752,2024-04-08,2024-04-09,C123,P008,East,2,5,5700.0,2700.0,UPI
ORD0753,2023-12-16,2023-12-19,C101,P007,East,5,30,70000.0,10000.0,COD
ORD0754,2024-12-19,2024-12-20,C063,P005,North,1,0,250.0,150.0,NetBanking
ORD0755,2023-05-24,2023-05-31,C098,P009,North,7,0,42000.0,21000.0,COD
ORD0756,2024-09-17,2024-09-19,C108,P003,East,4,0,32000.0,16000.0,NetBanking
ORD0757,2023-08-09,2023-08-13,C013,P001,East,4,15,187000.0,47000.0,UPI
ORD0758,2024-02-29,2024-03-01,C137,P009,North,10,0,60000.0,30000.0,NetBanking
ORD0759,2024-04-13,2024-04-19,C160,P004,West,10,30,84000.0,24000.0,Card
ORD0760,2024-05-25,2024-05-26,C171,P006,West,9,0,3150.0,1800.0,NetBanking
ORD0761,2024-08-22,2024-08-26,C132,P001,East,9,0,495000.0,180000.0,Card
ORD0762,2023-05-12,2023-05-13,C113,P008,West,7,15,17850.0,7350.0,NetBanking
ORD0763,2024-03-04,2024-03-09,C043,P008,West,4,10,10800.0,4800.0,NetBanking
ORD0764,2023-12-18,2023-12-21,C017,P007,North,8,0,160000.0,64000.0,Card
ORD0765,2024-02-27,2024-03-03,C184,P007,East,9,10,162000.0,54000.0,COD
ORD0766,2024-12-29,2025-01-04,C052,P006,West,9,5,2992.5,1642.5,Card
ORD0767,2023-08-03,2023-08-08,C090,P009,North,5,15,25500.0,10500.0,Card
ORD0768,2024-12-28,2025-01-03,C086,P005,North,3,30,525.0,225.0,COD
ORD0769,2024-12-28,2024-12-29,C073,P006,South,6,30,1470.0,570.0,NetBanking
ORD0770,2024-08-19,2024-08-24,C044,P009,East,7,30,29400.0,8400.0,COD
ORD0771,2024-03-08,2024-03-15,C182,P006,West,1,30,245.0,95.0,UPI
ORD0772,2023-01-26,2023-01-30,C016,P005,East,3,0,750.0,450.0,UPI
ORD0773,2023-07-24,2023-07-27,C086,P003,North,3,10,21600.0,9600.0,COD
ORD0774,2023-05-30,2023-06-06,C015,P005,North,1,10,225.0,125.0,Card
ORD0775,2024-07-08,2024-07-09,C052,P008,West,6,25,13500.0,4500.0,UPI
ORD0776,2024-09-22,2024-09-29,C169,P005,South,9,5,2137.5,1237.5,NetBanking
ORD0777,2023-09-01,2023-09-06,C102,P010,West,5,0,75000.0,35000.0,NetBanking
ORD0778,2024-02-01,2024-02-05,C170,P007,West,6,30,84000.0,12000.0,UPI
ORD0779,2023-01-14,2023-01-20,C021,P005,East,5,5,1187.5,687.5,NetBanking
ORD0780,2023-08-19,2023-08-25,C119,P004,South,6,30,50400.0,14400.0,Card
ORD0781,2023-07-18,2023-07-21,C038,P005,North,8,0,2000.0,1200.0,UPI
ORD0782,2023-07-11,2023-07-13,C153,P001,North,9,0,495000.0,180000.0,NetBanking
ORD0783,2023-02-11,2023-02-15,C138,P004,South,5,30,42000.0,12000.0,COD
ORD0784,2023-05-14,2023-05-16,C103,P006,North,10,10,3150.0,1650.0,UPI
ORD0785,2023-12-05,2023-12-09,C141,P007,North,3,0,60000.0,24000.0,Card
ORD0786,2023-11-27,2023-12-02,C160,P002,West,1,10,22500.0,7500.0,NetBanking
ORD0787,2024-08-09,2024-08-14,C113,P006,West,6,0,2100.0,1200.0,COD
ORD0788,2024-06-22,2024-06-24,C185,P003,North,3,30,16800.0,4800.0,UPI
ORD0789,2024-06-01,2024-06-03,C019,P003,South,7,30,39200.0,11200.0,NetBanking
ORD0790,2023-04-05,2023-04-08,C109,P006,North,4,5,1330.0,730.0,COD
ORD0791,2023-12-06,2023-12-09,C139,P003,West,5,5,38000.0,18000.0,NetBanking
ORD0792,2024-07-28,2024-08-04,C026,P010,South,1,0,15000.0,7000.0,COD
ORD0793,2024-04-01,2024-04-03,C051,P005,North,10,5,2375.0,1375.0,UPI
ORD0794,2024-11-29,2024-12-02,C152,P002,West,7,0,175000.0,70000.0,NetBanking
ORD0795,2023-09-20,2023-09-25,C107,P010,South,5,0,75000.0,35000.0,COD
ORD0796,2024-06-10,2024-06-17,C135,P003,West,9,25,54000.0,18000.0,NetBanking
ORD0797,2023-02-14,2023-02-17,C145,P001,East,4,15,187000.0,47000.0,UPI
ORD0798,2023-04-09,2023-04-11,C091,P004,North,9,30,75600.0,21600.0,UPI
ORD0799,2024-10-03,2024-10-04,C081,P009,North,4,5,22800.0,10800.0,NetBanking
ORD0800,2023-04-17,2023-04-19,C017,P004,North,9,20,86400.0,32400.0,UPI
ORD0801,2024-12-03,2024-12-05,C188,P004,North,1,25,9000.0,3000.0,COD
ORD0802,2023-02-08,2023-02-09,C076,P008,South,2,0,6000.0,3000.0,Card
ORD0803,2023-09-15,2023-09-20,C027,P002,South,2,5,47500.0,17500.0,COD
ORD0804,2024-02-22,2024-02-26,C035,P004,South,8,20,76800.0,28800.0,NetBanking
ORD0805,2023-11-20,2023-11-21,C189,P010,West,7,0,105000.0,49000.0,UPI
ORD0806,2024-10-18,2024-10-24,C058,P002,West,10,0,250000.0,100000.0,UPI
ORD0807,2024-12-18,2024-12-25,C154,P004,East,2,15,20400.0,8400.0,UPI
ORD0808,2023-10-24,2023-10-31,C127,P008,West,5,0,15000.0,7500.0,COD
ORD0809,2024-03-24,2024-03-28,C154,P005,East,7,0,1750.0,1050.0,NetBanking
ORD0810,2023-06-10,2023-06-15,C024,P008,South,4,0,12000.0,6000.0,NetBanking
ORD0811,2024-07-12,2024-07-15,C010,P003,East,3,10,21600.0,9600.0,COD
ORD0812,2023-01-12,2023-01-17,C144,P004,West,9,0,108000.0,54000.0,UPI
ORD0813,2023-02-12,2023-02-13,C098,P010,North,10,20,120000.0,40000.0,UPI
ORD0814,2023-11-09,2023-11-11,C010,P002,East,6,5,142500.0,52500.0,NetBanking
ORD0815,2024-10-23,2024-10-30,C033,P007,East,9,0,180000.0,72000.0,Card
ORD0816,2023-07-08,2023-07-10,C133,P003,East,10,10,72000.0,32000.0,Card
ORD0817,2023-04-28,2023-04-30,C094,P003,East,10,0,80000.0,40000.0,NetBanking
ORD0818,2024-10-22,2024-10-27,C124,P009,South,2,10,10800.0,4800.0,UPI
ORD0819,2023-09-14,2023-09-15,C075,P001,South,4,25,165000.0,25000.0,COD
ORD0820,2024-01-01,2024-01-03,C158,P007,North,4,0,80000.0,32000.0,COD
ORD0821,2024-09-26,2024-09-27,C183,P009,South,4,15,20400.0,8400.0,NetBanking
ORD0822,2024-04-06,2024-04-09,C052,P006,West,10,10,3150.0,1650.0,Card
ORD0823,2024-08-02,2024-08-07,C075,P010,South,6,15,76500.0,28500.0,NetBanking
ORD0824,2023-06-22,2023-06-23,C184,P007,East,6,5,114000.0,42000.0,Card
ORD0825,2024-12-30,2025-01-05,C171,P005,West,7,10,1575.0,875.0,COD
ORD0826,2023-05-18,2023-05-24,C002,P003,East,6,25,36000.0,12000.0,NetBanking
ORD0827,2024-04-01,2024-04-04,C127,P002,West,5,25,93750.0,18750.0,UPI
ORD0828,2023-06-29,2023-07-05,C095,P002,West,10,0,250000.0,100000.0,COD
ORD0829,2023-05-24,2023-05-29,C163,P007,West,4,10,72000.0,24000.0,UPI
ORD0830,2023-03-19,2023-03-20,C159,P007,South,9,0,180000.0,72000.0,NetBanking
ORD0831,2024-08-27,2024-08-29,C113,P001,West,1,30,38500.0,3500.0,COD
ORD0832,2024-07-10,2024-07-15,C042,P006,East,8,0,2800.0,1600.0,COD
ORD0833,2024-02-06,2024-02-08,C063,P008,North,10,10,27000.0,12000.0,Card
ORD0834,2024-04-20,2024-04-25,C037,P004,South,9,0,108000.0,54000.0,NetBanking
ORD0835,2024-01-08,2024-01-13,C085,P007,East,1,5,19000.0,7000.0,Card
ORD0836,2024-06-10,2024-06-12,C048,P008,East,8,0,24000.0,12000.0,Card
ORD0837,2024-08-02,2024-08-07,C094,P009,East,3,25,13500.0,4500.0,COD
ORD0838,2023-02-11,2023-02-13,C095,P002,West,8,5,190000.0,70000.0,UPI
ORD0839,2023-09-28,2023-10-01,C066,P005,South,4,0,1000.0,600.0,Card
ORD0840,2024-06-14,2024-06-21,C084,P002,West,6,20,120000.0,30000.0,NetBanking
ORD0841,2024-04-10,2024-04-11,C088,P008,South,1,15,2550.0,1050.0,UPI
ORD0842,2024-12-21,2024-12-26,C086,P007,North,5,10,90000.0,30000.0,Card
ORD0843,2024-01-21,2024-01-27,C089,P006,North,7,15,2082.5,1032.5,UPI
ORD0844,2024-06-13,2024-06-16,C130,P006,East,7,5,2327.5,1277.5,NetBanking
ORD0845,2023-12-28,2024-01-04,C198,P002,South,6,25,112500.0,22500.0,NetBanking
ORD0846,2024-09-10,2024-09-11,C030,P005,West,9,0,2250.0,1350.0,NetBanking
ORD0847,2023-06-19,2023-06-21,C066,P007,South,2,30,28000.0,4000.0,COD
ORD0848,2023-08-05,2023-08-07,C054,P003,West,3,0,24000.0,12000.0,COD
ORD0849,2024-09-08,2024-09-14,C083,P001,West,2,5,104500.0,34500.0,NetBanking
ORD0850,2023-12-05,2023-12-11,C188,P005,North,2,25,375.0,175.0,NetBanking
ORD0851,2024-05-05,2024-05-07,C118,P001,North,10,0,550000.0,200000.0,NetBanking
ORD0852,2023-01-23,2023-01-25,C037,P004,South,1,0,12000.0,6000.0,Card
ORD0853,2023-05-18,2023-05-24,C060,P001,North,9,0,495000.0,180000.0,Card
ORD0854,2023-02-27,2023-03-01,C198,P005,South,5,0,1250.0,750.0,NetBanking
ORD0855,2024-09-05,2024-09-10,C079,P008,South,1,10,2700.0,1200.0,UPI
ORD0856,2023-08-10,2023-08-14,C137,P005,North,10,25,1875.0,875.0,NetBanking
ORD0857,2023-06-24,2023-06-26,C026,P001,South,7,0,385000.0,140000.0,Card
ORD0858,2024-09-30,2024-10-06,C059,P008,South,9,10,24300.0,10800.0,Card
ORD0859,2024-12-03,2024-12-06,C063,P004,North,8,0,96000.0,48000.0,Card
ORD0860,2024-01-23,2024-01-27,C095,P002,West,3,0,75000.0,30000.0,UPI
ORD0861,2023-07-27,2023-08-01,C145,P003,East,9,20,57600.0,21600.0,Card
ORD0862,2024-09-12,2024-09-13,C075,P002,South,3,25,56250.0,11250.0,UPI
ORD0863,2024-06-28,2024-07-03,C017,P003,North,2,0,16000.0,8000.0,NetBanking
ORD0864,2024-11-06,2024-11-08,C031,P008,West,10,30,21000.0,6000.0,UPI
ORD0865,2024-11-25,2024-12-01,C180,P003,North,7,30,39200.0,11200.0,NetBanking
ORD0866,2024-01-15,2024-01-22,C071,P010,North,1,30,10500.0,2500.0,NetBanking
ORD0867,2023-08-23,2023-08-30,C177,P004,West,8,20,76800.0,28800.0,COD
ORD0868,2024-08-26,2024-09-02,C045,P002,North,10,0,250000.0,100000.0,NetBanking
ORD0869,2023-05-18,2023-05-21,C058,P003,West,8,5,60800.0,28800.0,UPI
ORD0870,2023-10-18,2023-10-23,C131,P005,East,9,20,1800.0,900.0,COD
ORD0871,2023-07-13,2023-07-14,C020,P002,East,1,30,17500.0,2500.0,UPI
ORD0872,2024-06-16,2024-06-17,C048,P003,East,7,5,53200.0,25200.0,COD
ORD0873,2024-02-23,2024-02-26,C058,P010,West,2,0,30000.0,14000.0,NetBanking
ORD0874,2024-10-29,2024-11-03,C064,P010,South,5,10,67500.0,27500.0,NetBanking
ORD0875,2024-08-01,2024-08-04,C068,P010,North,10,10,135000.0,55000.0,NetBanking
ORD0876,2023-07-28,2023-08-01,C090,P007,North,9,30,126000.0,18000.0,NetBanking
ORD0877,2023-07-03,2023-07-06,C198,P009,South,9,30,37800.0,10800.0,NetBanking
ORD0878,2023-09-17,2023-09-20,C073,P010,South,10,15,127500.0,47500.0,NetBanking
ORD0879,2023-05-22,2023-05-29,C185,P008,North,2,5,5700.0,2700.0,NetBanking
ORD0880,2024-12-17,2024-12-19,C100,P007,East,2,5,38000.0,14000.0,NetBanking
ORD0881,2023-12-13,2023-12-20,C115,P008,South,9,0,27000.0,13500.0,Card
ORD0882,2024-02-03,2024-02-09,C114,P005,North,1,0,250.0,150.0,Card
ORD0883,2024-04-27,2024-05-02,C200,P005,West,7,0,1750.0,1050.0,UPI
ORD0884,2023-09-27,2023-09-29,C148,P007,North,6,0,120000.0,48000.0,UPI
ORD0885,2024-01-29,2024-02-02,C036,P001,North,10,30,385000.0,35000.0,COD
ORD0886,2024-12-29,2025-01-03,C138,P010,South,1,0,15000.0,7000.0,NetBanking
ORD0887,2024-03-25,2024-03-26,C042,P007,East,4,30,56000.0,8000.0,COD
ORD0888,2023-07-19,2023-07-20,C162,P006,South,10,30,2450.0,950.0,Card
ORD0889,2024-09-21,2024-09-23,C013,P009,East,1,15,5100.0,2100.0,Card
ORD0890,2024-11-01,2024-11-02,C137,P008,North,3,0,9000.0,4500.0,COD
ORD0891,2024-02-14,2024-02-17,C198,P010,South,7,20,84000.0,28000.0,Card
ORD0892,2024-06-14,2024-06-15,C115,P009,South,2,0,12000.0,6000.0,COD
ORD0893,2024-07-26,2024-07-31,C074,P003,West,6,15,40800.0,16800.0,COD
ORD0894,2023-08-20,2023-08-25,C182,P006,West,4,25,1050.0,450.0,NetBanking
ORD0895,2024-08-11,2024-08-12,C160,P005,West,5,0,1250.0,750.0,NetBanking
ORD0896,2024-06-02,2024-06-03,C195,P005,North,9,0,2250.0,1350.0,COD
ORD0897,2023-12-15,2023-12-16,C005,P007,North,9,10,162000.0,54000.0,COD
ORD0898,2024-12-11,2024-12-15,C084,P002,West,7,25,131250.0,26250.0,Card
ORD0899,2023-12-14,2023-12-21,C085,P009,East,8,25,36000.0,12000.0,UPI
ORD0900,2024-05-08,2024-05-09,C117,P003,North,5,0,40000.0,20000.0,NetBanking
ORD0901,2024-10-10,2024-10-17,C061,P006,South,4,5,1330.0,730.0,COD
ORD0902,2024-02-27,2024-03-01,C104,P006,North,9,30,2205.0,855.0,UPI
ORD0903,2024-12-18,2024-12-25,C169,P006,South,5,5,1662.5,912.5,COD
ORD0904,2023-04-06,2023-04-10,C175,P003,South,6,0,48000.0,24000.0,Card
ORD0905,2024-05-02,2024-05-05,C171,P010,West,6,5,85500.0,37500.0,COD
ORD0906,2023-07-07,2023-07-13,C034,P010,West,4,25,45000.0,13000.0,Card
ORD0907,2023-08-29,2023-09-04,C046,P004,South,4,10,43200.0,19200.0,Card
ORD0908,2023-08-23,2023-08-25,C006,P002,South,4,15,85000.0,25000.0,Card
ORD0909,2023-04-20,2023-04-21,C163,P010,West,2,25,22500.0,6500.0,UPI
ORD0910,2024-07-08,2024-07-09,C046,P007,South,8,15,136000.0,40000.0,COD
ORD0911,2024-05-19,2024-05-24,C053,P007,South,5,25,75000.0,15000.0,Card
ORD0912,2024-06-07,2024-06-10,C119,P010,South,7,5,99750.0,43750.0,Card
ORD0913,2023-02-25,2023-03-02,C191,P006,West,7,25,1837.5,787.5,UPI
ORD0914,2024-05-29,2024-06-01,C058,P004,West,7,0,84000.0,42000.0,NetBanking
ORD0915,2023-05-04,2023-05-10,C113,P005,West,9,25,1687.5,787.5,COD
ORD0916,2024-12-06,2024-12-07,C066,P008,South,1,5,2850.0,1350.0,NetBanking
ORD0917,2024-08-17,2024-08-18,C099,P002,South,6,15,127500.0,37500.0,COD
ORD0918,2023-07-11,2023-07-16,C064,P005,South,5,5,1187.5,687.5,COD
ORD0919,2024-04-27,2024-05-02,C026,P009,South,6,15,30600.0,12600.0,Card
ORD0920,2024-05-25,2024-05-29,C035,P001,South,4,20,176000.0,36000.0,COD
ORD0921,2024-01-09,2024-01-16,C200,P007,West,7,10,126000.0,42000.0,NetBanking
ORD0922,2023-07-04,2023-07-09,C005,P009,North,3,5,17100.0,8100.0,UPI
ORD0923,2023-10-04,2023-10-11,C135,P009,West,4,30,16800.0,4800.0,NetBanking
ORD0924,2024-01-26,2024-01-28,C006,P001,South,3,0,165000.0,60000.0,NetBanking
ORD0925,2023-01-10,2023-01-12,C095,P003,West,7,25,42000.0,14000.0,Card
ORD0926,2024-10-07,2024-10-12,C053,P009,South,9,15,45900.0,18900.0,NetBanking
ORD0927,2023-11-04,2023-11-07,C148,P004,North,9,0,108000.0,54000.0,NetBanking
ORD0928,2023-04-12,2023-04-18,C057,P007,East,3,0,60000.0,24000.0,Card
ORD0929,2023-09-18,2023-09-22,C062,P004,North,2,25,18000.0,6000.0,COD
ORD0930,2023-09-24,2023-09-27,C143,P010,East,6,30,63000.0,15000.0,COD
ORD0931,2023-12-19,2023-12-20,C031,P006,West,7,0,2450.0,1400.0,COD
ORD0932,2024-11-26,2024-12-01,C191,P005,West,4,30,700.0,300.0,Card
ORD0933,2023-10-19,2023-10-22,C136,P008,East,6,30,12600.0,3600.0,NetBanking
ORD0934,2024-04-02,2024-04-03,C098,P010,North,7,10,94500.0,38500.0,NetBanking
ORD0935,2024-10-08,2024-10-10,C178,P010,West,3,15,38250.0,14250.0,NetBanking
ORD0936,2024-10-08,2024-10-13,C191,P004,West,10,20,96000.0,36000.0,UPI
ORD0937,2023-03-23,2023-03-25,C067,P003,West,6,5,45600.0,21600.0,COD
ORD0938,2023-11-21,2023-11-27,C118,P003,North,5,10,36000.0,16000.0,NetBanking
ORD0939,2023-10-05,2023-10-09,C190,P009,South,6,30,25200.0,7200.0,NetBanking
ORD0940,2024-02-28,2024-03-01,C018,P009,South,3,0,18000.0,9000.0,Card
ORD0941,2023-08-29,2023-09-04,C199,P001,South,5,0,275000.0,100000.0,Card
ORD0942,2023-06-20,2023-06-24,C054,P005,West,2,0,500.0,300.0,UPI
ORD0943,2024-04-29,2024-05-04,C057,P006,East,1,0,350.0,200.0,NetBanking
ORD0944,2024-06-20,2024-06-27,C034,P004,West,2,0,24000.0,12000.0,COD
ORD0945,2024-09-24,2024-09-26,C086,P007,North,2,20,32000.0,8000.0,COD
ORD0946,2023-08-23,2023-08-25,C195,P005,North,5,25,937.5,437.5,Card
ORD0947,2023-05-15,2023-05-20,C093,P008,East,3,0,9000.0,4500.0,UPI
ORD0948,2024-11-10,2024-11-13,C188,P002,North,6,25,112500.0,22500.0,NetBanking
ORD0949,2024-07-07,2024-07-10,C118,P010,North,9,25,101250.0,29250.0,Card
ORD0950,2024-12-15,2024-12-20,C067,P007,West,3,25,45000.0,9000.0,NetBanking
ORD0951,2024-06-20,2024-06-26,C142,P009,East,9,10,48600.0,21600.0,COD
ORD0952,2024-05-08,2024-05-13,C171,P006,West,4,0,1400.0,800.0,NetBanking
ORD0953,2023-11-12,2023-11-15,C120,P002,West,7,10,157500.0,52500.0,Card
ORD0954,2023-11-07,2023-11-08,C034,P005,West,1,30,175.0,75.0,Card
ORD0955,2023-12-19,2023-12-22,C003,P003,South,8,30,44800.0,12800.0,UPI
ORD0956,2024-12-05,2024-12-09,C171,P010,West,8,10,108000.0,44000.0,UPI
ORD0957,2024-03-16,2024-03-23,C098,P001,North,5,5,261250.0,86250.0,UPI
ORD0958,2024-07-15,2024-07-18,C117,P005,North,4,20,800.0,400.0,NetBanking
ORD0959,2024-02-09,2024-02-11,C189,P006,West,3,20,840.0,390.0,NetBanking
ORD0960,2023-08-14,2023-08-17,C104,P004,North,2,20,19200.0,7200.0,Card
ORD0961,2024-06-13,2024-06-20,C196,P007,South,10,10,180000.0,60000.0,COD
ORD0962,2024-10-26,2024-11-01,C167,P009,West,9,10,48600.0,21600.0,NetBanking
ORD0963,2023-07-12,2023-07-19,C186,P006,West,2,0,700.0,400.0,Card
ORD0964,2023-10-24,2023-10-25,C116,P008,South,8,25,18000.0,6000.0,COD
ORD0965,2024-12-18,2024-12-23,C142,P003,East,8,5,60800.0,28800.0,COD
ORD0966,2023-01-20,2023-01-22,C110,P001,West,1,30,38500.0,3500.0,UPI
ORD0967,2023-07-10,2023-07-11,C117,P009,North,5,10,27000.0,12000.0,Card
ORD0968,2024-03-24,2024-03-30,C027,P004,South,1,5,11400.0,5400.0,UPI
ORD0969,2023-06-04,2023-06-05,C005,P008,North,8,5,22800.0,10800.0,COD
ORD0970,2024-03-06,2024-03-09,C188,P010,North,8,15,102000.0,38000.0,NetBanking
ORD0971,2024-12-14,2024-12-21,C082,P005,North,1,15,212.5,112.5,UPI
ORD0972,2023-05-30,2023-05-31,C041,P008,East,5,20,12000.0,4500.0,UPI
ORD0973,2024-07-10,2024-07-14,C051,P010,North,3,5,42750.0,18750.0,COD
ORD0974,2024-01-26,2024-02-02,C053,P001,South,1,0,55000.0,20000.0,Card
ORD0975,2024-01-30,2024-02-06,C177,P002,West,8,5,190000.0,70000.0,UPI
ORD0976,2023-07-23,2023-07-27,C147,P001,South,2,30,77000.0,7000.0,Card
ORD0977,2024-04-29,2024-05-03,C037,P008,South,5,15,12750.0,5250.0,Card
ORD0978,2024-10-06,2024-10-12,C138,P010,South,1,30,10500.0,2500.0,UPI
ORD0979,2023-09-17,2023-09-21,C078,P010,North,5,5,71250.0,31250.0,COD
ORD0980,2023-02-23,2023-03-02,C081,P004,North,4,0,48000.0,24000.0,Card
ORD0981,2024-10-10,2024-10-14,C199,P006,South,6,0,2100.0,1200.0,Card
ORD0982,2023-10-10,2023-10-15,C084,P006,West,2,20,560.0,260.0,Card
ORD0983,2023-01-10,2023-01-11,C007,P010,South,10,25,112500.0,32500.0,Card
ORD0984,2024-01-16,2024-01-23,C012,P010,West,2,5,28500.0,12500.0,Card
ORD0985,2024-05-26,2024-05-27,C163,P005,West,10,15,2125.0,1125.0,UPI
ORD0986,2023-03-03,2023-03-06,C072,P003,West,3,30,16800.0,4800.0,UPI
ORD0987,2023-05-09,2023-05-13,C118,P005,North,4,15,850.0,450.0,COD
ORD0988,2024-03-25,2024-03-31,C035,P005,South,4,0,1000.0,600.0,NetBanking
ORD0989,2024-01-02,2024-01-08,C193,P001,West,3,10,148500.0,43500.0,UPI
ORD0990,2024-05-11,2024-05-17,C195,P007,North,8,30,112000.0,16000.0,COD
ORD0991,2024-07-09,2024-07-15,C171,P001,West,8,5,418000.0,138000.0,Card
ORD0992,2024-07-10,2024-07-13,C081,P009,North,6,25,27000.0,9000.0,COD
ORD0993,2024-09-05,2024-09-12,C019,P002,South,9,0,225000.0,90000.0,UPI
ORD0994,2024-06-27,2024-06-29,C184,P004,East,8,10,86400.0,38400.0,COD
ORD0995,2024-07-08,2024-07-11,C162,P010,South,8,0,120000.0,56000.0,NetBanking
ORD0996,2023-07-09,2023-07-10,C115,P006,South,10,15,2975.0,1475.0,Card
ORD0997,2023-11-25,2023-12-01,C015,P001,North,2,30,77000.0,7000.0,NetBanking
ORD0998,2023-07-14,2023-07-19,C170,P003,West,8,30,44800.0,12800.0,Card
ORD0999,2024-09-19,2024-09-22,C188,P001,North,6,20,264000.0,54000.0,COD
ORD1000,2023-04-24,2023-04-25,C161,P010,North,9,0,135000.0,63000.0,UPI
