product_id,product_name,category,sub_category,cost_price,selling_price
P001,Laptop,Electronics,Computers,35000,55000
P002,Smartphone,Electronics,Phones,15000,25000
P003,Desk Chair,Furniture,Chairs,4000,8000
P004,Office Desk,Furniture,Tables,6000,12000
P005,Pen Set,Office Supplies,Stationery,100,250
P006,Notebook,Office Supplies,Stationery,150,350
P007,Monitor,Electronics,Computers,12000,20000
P008,Keyboard,Electronics,Accessories,1500,3000
P009,Bookshelf,Furniture,Storage,3000,6000
P010,Printer,Electronics,Computers,8000,15000
