return_id,order_id,return_date,reason
RET001,ORD0522,2024-11-05,Not Needed
RET002,ORD0738,2024-11-11,Not Needed
RET003,ORD0741,2024-05-25,Better Price Found
RET004,ORD0661,2024-10-26,Not Needed
RET005,ORD0412,2023-02-18,Not Needed
RET006,ORD0679,2023-11-03,Not Needed
RET007,ORD0627,2023-04-02,Wrong Item
RET008,ORD0514,2024-02-05,Damaged
RET009,ORD0860,2024-01-27,Better Price Found
RET010,ORD0137,2024-04-09,Not Needed
RET011,ORD0812,2023-01-13,Not Needed
RET012,ORD0077,2023-01-26,Not Needed
RET013,ORD0637,2024-08-20,Not Needed
RET014,ORD0974,2024-02-09,Not Needed
RET015,ORD0939,2023-10-12,Better Price Found
RET016,ORD0900,2024-05-19,Better Price Found
RET017,ORD0281,2023-11-02,Not Needed
RET018,ORD0884,2023-10-06,Better Price Found
RET019,ORD0762,2023-05-22,Better Price Found
RET020,ORD0320,2023-03-05,Wrong Item
RET021,ORD0550,2024-08-18,Not Needed
RET022,ORD0175,2024-11-07,Better Price Found
RET023,ORD0372,2023-02-19,Wrong Item
RET024,ORD0528,2024-07-19,Damaged
RET025,ORD0211,2024-04-10,Not Needed
RET026,ORD0236,2023-12-24,Wrong Item
RET027,ORD0102,2023-06-30,Not Needed
RET028,ORD0987,2023-05-11,Not Needed
RET029,ORD0903,2024-12-19,Wrong Item
RET030,ORD0948,2024-11-25,Wrong Item
RET031,ORD0347,2024-08-24,Better Price Found
RET032,ORD0140,2024-12-08,Damaged
RET033,ORD0622,2023-03-07,Damaged
RET034,ORD0500,2024-04-22,Wrong Item
RET035,ORD0371,2024-10-18,Damaged
RET036,ORD0199,2024-11-23,Damaged
RET037,ORD0688,2023-08-02,Better Price Found
RET038,ORD0585,2024-05-27,Damaged
RET039,ORD0902,2024-03-06,Better Price Found
RET040,ORD0060,2024-07-29,Damaged
RET041,ORD0329,2023-10-30,Wrong Item
RET042,ORD0097,2024-10-14,Better Price Found
RET043,ORD0313,2023-11-27,Better Price Found
RET044,ORD0975,2024-02-08,Better Price Found
RET045,ORD0300,2024-01-25,Better Price Found
RET046,ORD0278,2024-02-28,Not Needed
RET047,ORD0925,2023-01-17,Not Needed
RET048,ORD0602,2023-05-08,Not Needed
RET049,ORD0440,2023-07-07,Damaged
RET050,ORD0838,2023-02-24,Wrong Item
RET051,ORD0571,2024-04-19,Damaged
RET052,ORD0880,2024-12-18,Wrong Item
RET053,ORD0262,2023-12-05,Better Price Found
RET054,ORD0579,2023-02-02,Damaged
RET055,ORD0024,2023-11-25,Wrong Item
RET056,ORD0031,2023-12-24,Wrong Item
RET057,ORD0618,2023-01-22,Not Needed
RET058,ORD0011,2024-04-03,Not Needed
RET059,ORD0222,2023-10-28,Damaged
RET060,ORD0821,2024-10-10,Damaged
RET061,ORD0297,2024-09-24,Wrong Item
RET062,ORD0055,2024-07-19,Wrong Item
RET063,ORD0543,2024-04-15,Wrong Item
RET064,ORD0210,2024-06-18,Better Price Found
RET065,ORD0605,2024-10-18,Not Needed
RET066,ORD0693,2023-01-07,Better Price Found
RET067,ORD0663,2024-09-04,Damaged
RET068,ORD0867,2023-08-27,Not Needed
RET069,ORD0071,2024-07-28,Damaged
RET070,ORD0544,2024-08-10,Better Price Found
RET071,ORD0108,2024-05-01,Wrong Item
RET072,ORD0494,2023-03-06,Better Price Found
RET073,ORD0591,2023-02-09,Better Price Found
RET074,ORD0742,2023-12-06,Wrong Item
RET075,ORD0293,2024-07-29,Better Price Found
RET076,ORD0290,2024-01-17,Wrong Item
RET077,ORD0653,2023-05-29,Better Price Found
RET078,ORD0040,2023-01-06,Damaged
RET079,ORD0590,2023-10-13,Better Price Found
RET080,ORD0308,2024-08-09,Not Needed
